# table.iq - Table DDL
#
# Licensed to the Apache Software Foundation (ASF) under one or more
# contributor license agreements.  See the NOTICE file distributed with
# this work for additional information regarding copyright ownership.
# The ASF licenses this file to you under the Apache License, Version 2.0
# (the "License"); you may not use this file except in compliance with
# the License.  You may obtain a copy of the License at
#
# http://www.apache.org/licenses/LICENSE-2.0
#
# Unless required by applicable law or agreed to in writing, software
# distributed under the License is distributed on an "AS IS" BASIS,
# WITHOUT WARRANTIES OR CONDITIONS OF ANY KIND, either express or implied.
# See the License for the specific language governing permissions and
# limitations under the License.
#
!use server
!set outputformat mysql

# Create a basic table
create table t (i int, j int not null);
(0 rows modified)

!update

create table if not exists t (i int, j int not null, k date);
(0 rows modified)

!update

# There is no "K" column, because table was not re-created
select * from t;
I INTEGER(10)
J INTEGER(10) NOT NULL
!type

insert into t values (1, 2);
(1 row modified)

!update

select * from t;
+---+---+
| I | J |
+---+---+
| 1 | 2 |
+---+---+
(1 row)

!ok

drop table t;
(0 rows modified)

!update

# Create a table with a DEFAULT column
create table t (i int, j int default i + 2);
(0 rows modified)

!update

insert into t values (1, 2);
(1 row modified)

!update

insert into t (i) values (3);
(1 row modified)

!update

select * from t;
+---+---+
| I | J |
+---+---+
| 1 | 2 |
| 3 | 5 |
+---+---+
(2 rows)

!ok

drop table t;
(0 rows modified)

!update

# Create a table with a VIRTUAL column

create table t (i int, j int as (i + k + 2) virtual, k int);
(0 rows modified)

!update

insert into t values (1, 2, 3);
Cannot INSERT into generated column 'J'
!error

insert into t (i, j) values (1, 2);
Cannot INSERT into generated column 'J'
!error

insert into t (i, k) values (1, 3);
(1 row modified)

!update
EnumerableTableModify(table=[[T]], operation=[INSERT], flattened=[false])
  EnumerableValues(tuples=[[{ 1, 3 }]])
!plan

insert into t (k, i) values (5, 2);
(1 row modified)

!update
EnumerableTableModify(table=[[T]], operation=[INSERT], flattened=[false])
  EnumerableCalc(expr#0..1=[{inputs}], I=[$t1], K=[$t0])
    EnumerableValues(tuples=[[{ 5, 2 }]])
!plan

select * from t;
+---+---+---+
| I | J | K |
+---+---+---+
| 1 | 6 | 3 |
| 2 | 9 | 5 |
+---+---+---+
(2 rows)

!ok
EnumerableCalc(expr#0..1=[{inputs}], expr#2=[+($t0, $t1)], expr#3=[2], expr#4=[+($t2, $t3)], I=[$t0], J=[$t4], K=[$t1])
  EnumerableTableScan(table=[[T]])
!plan

drop table if exists t;
(0 rows modified)

!update

select * from t;
Object 'T' not found
!error

drop table t;
Table 'T' not found
!error

drop table if exists t;
(0 rows modified)

!update

# Create a table with a VIRTUAL column of builtin function

create table t (i varchar(5), j int as (char_length(i)) virtual, k varchar(3));
(0 rows modified)

!update

insert into t values ('abcde', 5, 'de ');
Cannot INSERT into generated column 'J'
!error

insert into t (i, j) values ('abcde', 5);
Cannot INSERT into generated column 'J'
!error

insert into t (i, k) values ('abcde', 'de ');
(1 row modified)

!update
EnumerableTableModify(table=[[T]], operation=[INSERT], flattened=[false])
  EnumerableValues(tuples=[[{ 'abcde', 'de ' }]])
!plan

insert into t (k, i) values ('de ', 'abcde');
(1 row modified)

!update
EnumerableTableModify(table=[[T]], operation=[INSERT], flattened=[false])
  EnumerableCalc(expr#0..1=[{inputs}], I=[$t1], K=[$t0])
    EnumerableValues(tuples=[[{ 'de ', 'abcde' }]])
!plan

select * from t;
+-------+---+-----+
| I     | J | K   |
+-------+---+-----+
| abcde | 5 | de  |
| abcde | 5 | de  |
+-------+---+-----+
(2 rows)

!ok
EnumerableCalc(expr#0..1=[{inputs}], expr#2=[CHAR_LENGTH($t0)], I=[$t0], J=[$t2], K=[$t1])
  EnumerableTableScan(table=[[T]])
!plan

drop table if exists t;
(0 rows modified)

!update

select * from t;
Object 'T' not found
!error

drop table t;
Table 'T' not found
!error

drop table if exists t;
(0 rows modified)

!update

# End table.iq
