# type.iq - Type DDL
#
# Licensed to the Apache Software Foundation (ASF) under one or more
# contributor license agreements.  See the NOTICE file distributed with
# this work for additional information regarding copyright ownership.
# The ASF licenses this file to you under the Apache License, Version 2.0
# (the "License"); you may not use this file except in compliance with
# the License.  You may obtain a copy of the License at
#
# http://www.apache.org/licenses/LICENSE-2.0
#
# Unless required by applicable law or agreed to in writing, software
# distributed under the License is distributed on an "AS IS" BASIS,
# WITHOUT WARRANTIES OR CONDITIONS OF ANY KIND, either express or implied.
# See the License for the specific language governing permissions and
# limitations under the License.
#
!use server
!set outputformat mysql

# Test case for [CALCITE-7363] Improve error message for ASOF JOIN
CREATE TABLE asof_tbl(intt INT, arr VARCHAR ARRAY );
(0 rows modified)

!update

SELECT * FROM asof_tbl t1
LEFT ASOF JOIN asof_tbl AS t2
MATCH_CONDITION (t1.intt >= t2.intt)
ON t1.arr[2] = t2.arr[2];
java.sql.SQLException: Error while executing SQL "SELECT * FROM asof_tbl t1
LEFT ASOF JOIN asof_tbl AS t2
MATCH_CONDITION (t1.intt >= t2.intt)
ON t1.arr[2] = t2.arr[2]": From line 4, column 4 to line 4, column 24: ASOF JOIN condition must be a conjunction of equality comparisons of columns from both sides

!error

# Test case for [CALCITE-7358] Casts involving MAP and ROW types cause compile-time exceptions
CREATE TYPE user_def AS(i1 INT, v1 VARCHAR NULL);
(0 rows modified)

!update

CREATE TABLE tbl(mapp1 MAP<user_def, ROW(v VARCHAR NULL)>);
(0 rows modified)

!update

# Index in a map with a user-defined type
SELECT mapp1[user_def(1, 'a')] as field FROM tbl;
+-------+
| FIELD |
+-------+
+-------+
(0 rows)

!ok

# Test case for [CALCITE-7358] Casts involving MAP and ROW types cause compile-time exceptions
SELECT CAST(mapp1[user_def(1, 'a')] AS INT) FROM tbl;
java.sql.SQLException: Error while executing SQL "SELECT CAST(mapp1[user_def(1, 'a')] AS INT) FROM tbl": From line 1, column 8 to line 1, column 43: Cast function cannot convert value of type RecordType(VARCHAR V) to type INTEGER NOT NULL

!error

SELECT CAST(mapp1 AS MAP<VARCHAR, INT>) AS to_map
FROM tbl;
java.sql.SQLException: Error while executing SQL "SELECT CAST(mapp1 AS MAP<VARCHAR, INT>) AS to_map
FROM tbl": From line 1, column 8 to line 1, column 39: Cast function cannot convert value of type (RecordType(INTEGER I1, VARCHAR V1) NOT NULL, RecordType(VARCHAR V)) MAP to type (VARCHAR NOT NULL, INTEGER) MAP NOT NULL

!error

create type myint1 as int;
(0 rows modified)

!update

# Create a basic table
create table t (i myint1 not null, j int not null);
(0 rows modified)

!update

select * from t;
I INTEGER(10) NOT NULL
J INTEGER(10) NOT NULL
!type

insert into t values (1, 2);
(1 row modified)

!update

select * from t;
+---+---+
| I | J |
+---+---+
| 1 | 2 |
+---+---+
(1 row)

!ok


# Create a table with complex structure type
# This is to test struct type inference in
# <a href="https://issues.apache.org/jira/browse/CALCITE-2468">[CALCITE-2468]

create type mytype1 as (ii int not null);
(0 rows modified)

!update

# Create a complex table
create table v (i int not null, j mytype1 not null);
(0 rows modified)

!update

select i AS myInt, j AS myStruct from v;
MYINT INTEGER(10) NOT NULL
MYSTRUCT STRUCT NOT NULL
!type


# Create a table with nullable complex structure type
# This is to test nullability for columns of structured types
# <a href="https://issues.apache.org/jira/browse/CALCITE-2464">[CALCITE-2464]

# Create a complex table
create table w (i int not null, j mytype1);
(0 rows modified)

!update

select i AS myInt, j AS myNullableStruct from w;
MYINT INTEGER(10) NOT NULL
MYNULLABLESTRUCT STRUCT
!type

insert into w values (1, NULL);
(1 row modified)

!update

select * from w;
+---+---+
| I | J |
+---+---+
| 1 |   |
+---+---+
(1 row)

!ok


# Create type object

create type mytype2 as (ii int, jj char);
(0 rows modified)

!update

create type mytype3 as (ii int, jj mytype2);
(0 rows modified)

!update

create table w2 (i int not null, j mytype2, k mytype3);
(0 rows modified)

!update

insert into w2 values (1, mytype2(2, 'a'), mytype3(1, mytype2(3, 'b')) );
(1 row modified)

!update

select * from w2;
+---+--------+-------------+
| I | J      | K           |
+---+--------+-------------+
| 1 | {2, a} | {1, {3, b}} |
+---+--------+-------------+
(1 row)

!ok

drop table t;
drop table v;
drop table w;
drop table w2;
(0 rows modified)

!update

# End type.iq
