# blank.iq - Queries that start from a blank schema and create their own tables
#
# Licensed to the Apache Software Foundation (ASF) under one or more
# contributor license agreements.  See the NOTICE file distributed with
# this work for additional information regarding copyright ownership.
# The ASF licenses this file to you under the Apache License, Version 2.0
# (the "License"); you may not use this file except in compliance with
# the License.  You may obtain a copy of the License at
#
# http://www.apache.org/licenses/LICENSE-2.0
#
# Unless required by applicable law or agreed to in writing, software
# distributed under the License is distributed on an "AS IS" BASIS,
# WITHOUT WARRANTIES OR CONDITIONS OF ANY KIND, either express or implied.
# See the License for the specific language governing permissions and
# limitations under the License.
#
!use blank
!set outputformat mysql

create table foo (i int not null, j int);
(-1 rows modified)

!update
insert into foo values (1, 0);
(1 row modified)

!update
insert into foo values (0, 2);
(1 row modified)

!update
select * from foo;
+---+---+
| I | J |
+---+---+
| 0 | 2 |
| 1 | 0 |
+---+---+
(2 rows)

!ok

# Correlated non-equi IN
select * from foo as f where i in (
  select j from foo where i > f.i);
+---+---+
| I | J |
+---+---+
| 0 | 2 |
+---+---+
(1 row)

!ok

# [CALCITE-1493] Wrong plan for NOT IN correlated queries
create table table1(i int, j int);
(-1 rows modified)

!update
create table table2(i int, j int);
(-1 rows modified)

!update
insert into table1 values (1, 2), (1, 3);
(2 rows modified)

!update
insert into table2 values (NULL, 1), (2, 1);
(2 rows modified)

!update
# Checked on Oracle
!set lateDecorrelate true
select i, j from table1 where table1.j NOT IN (select i from table2 where table1.i=table2.j);
EnumerableCalc(expr#0..8=[{inputs}], expr#9=[0], expr#10=[=($t3, $t9)], expr#11=[false], expr#12=[IS NOT NULL($t7)], expr#13=[true], expr#14=[IS NULL($t1)], expr#15=[null], expr#16=[<($t4, $t3)], expr#17=[CASE($t10, $t11, $t12, $t13, $t14, $t15, $t16, $t13, $t11)], expr#18=[NOT($t17)], proj#0..1=[{exprs}], $condition=[$t18])
  EnumerableJoin(condition=[AND(=($0, $6), =($1, $8))], joinType=[left])
    EnumerableJoin(condition=[=($0, $2)], joinType=[left])
      EnumerableTableScan(table=[[BLANK, TABLE1]])
      EnumerableAggregate(group=[{0}], c=[COUNT()], ck=[COUNT($1)])
        EnumerableJoin(condition=[=($0, $2)], joinType=[inner])
          EnumerableAggregate(group=[{0}])
            EnumerableTableScan(table=[[BLANK, TABLE1]])
          EnumerableTableScan(table=[[BLANK, TABLE2]])
    EnumerableJoin(condition=[=($0, $3)], joinType=[inner])
      EnumerableCalc(expr#0..1=[{inputs}], expr#2=[true], I=[$t1], I0=[$t0], $f2=[$t2])
        EnumerableAggregate(group=[{0, 1}])
          EnumerableJoin(condition=[=($0, $2)], joinType=[inner])
            EnumerableAggregate(group=[{0}])
              EnumerableTableScan(table=[[BLANK, TABLE1]])
            EnumerableTableScan(table=[[BLANK, TABLE2]])
      EnumerableAggregate(group=[{1}])
        EnumerableTableScan(table=[[BLANK, TABLE1]])
!plan
+---+---+
| I | J |
+---+---+
+---+---+
(0 rows)

!ok

select * from table1 where j not in (select i from table2);
+---+---+
| I | J |
+---+---+
+---+---+
(0 rows)

!ok

select * from table1 where j not in (select i from table2) or i = 1;
+---+---+
| I | J |
+---+---+
| 1 | 2 |
| 1 | 3 |
+---+---+
(2 rows)

!ok

select * from table1 where j not in (select i from table2) or j = 2;
+---+---+
| I | J |
+---+---+
| 1 | 2 |
+---+---+
(1 row)

!ok

select * from table1 where j not in (select i from table2) or j = 3;
+---+---+
| I | J |
+---+---+
| 1 | 3 |
+---+---+
(1 row)

!ok

# End blank.iq
