# scalar.iq - Scalar sub-queries
#
# Licensed to the Apache Software Foundation (ASF) under one or more
# contributor license agreements.  See the NOTICE file distributed with
# this work for additional information regarding copyright ownership.
# The ASF licenses this file to you under the Apache License, Version 2.0
# (the "License"); you may not use this file except in compliance with
# the License.  You may obtain a copy of the License at
#
# http://www.apache.org/licenses/LICENSE-2.0
#
# Unless required by applicable law or agreed to in writing, software
# distributed under the License is distributed on an "AS IS" BASIS,
# WITHOUT WARRANTIES OR CONDITIONS OF ANY KIND, either express or implied.
# See the License for the specific language governing permissions and
# limitations under the License.
#
!set outputformat mysql
!use scott

select deptno, (select min(empno) from "scott".emp where deptno = dept.deptno) as x from "scott".dept;
+--------+------+
| DEPTNO | X    |
+--------+------+
|     10 | 7782 |
|     20 | 7369 |
|     30 | 7499 |
|     40 |      |
+--------+------+
(4 rows)

!ok

select deptno, (select count(*) from "scott".emp where deptno = dept.deptno) as x from "scott".dept;
+--------+---+
| DEPTNO | X |
+--------+---+
|     10 | 3 |
|     20 | 5 |
|     30 | 6 |
|     40 | 0 |
+--------+---+
(4 rows)

!ok

select deptno, (select count(*) from "scott".emp where deptno = dept.deptno group by deptno) as x from "scott".dept;
+--------+---+
| DEPTNO | X |
+--------+---+
|     10 | 3 |
|     20 | 5 |
|     30 | 6 |
|     40 |   |
+--------+---+
(4 rows)

!ok

# cast necessary to prevent overflow
select deptno, (select sum(cast(empno as int)) from "scott".emp where deptno = dept.deptno group by deptno) as x from "scott".dept;
+--------+-------+
| DEPTNO | X     |
+--------+-------+
|     10 | 23555 |
|     20 | 38501 |
|     30 | 46116 |
|     40 |       |
+--------+-------+
(4 rows)

!ok

select deptno, (select count(*) from "scott".emp where 1 = 0) as x from "scott".dept;
+--------+---+
| DEPTNO | X |
+--------+---+
|     10 | 0 |
|     20 | 0 |
|     30 | 0 |
|     40 | 0 |
+--------+---+
(4 rows)

!ok

select deptno, (select count(*) from "scott".emp where 1 = 0 group by ()) as x from "scott".dept;
+--------+---+
| DEPTNO | X |
+--------+---+
|     10 | 0 |
|     20 | 0 |
|     30 | 0 |
|     40 | 0 |
+--------+---+
(4 rows)

!ok

select deptno, (select sum(empno) from "scott".emp where 1 = 0) as x from "scott".dept;
+--------+---+
| DEPTNO | X |
+--------+---+
|     10 |   |
|     20 |   |
|     30 |   |
|     40 |   |
+--------+---+
(4 rows)

!ok

select deptno, (select sum(empno) from "scott".emp where 1 = 0 group by ()) as x from "scott".dept;
+--------+---+
| DEPTNO | X |
+--------+---+
|     10 |   |
|     20 |   |
|     30 |   |
|     40 |   |
+--------+---+
(4 rows)

!ok

# [CALCITE-709] Errors with LIMIT inside scalar sub-query
!if (false) {
select deptno, (select sum(empno) from "scott".emp where deptno = dept.deptno limit 1) as x from "scott".dept;
+--------+----------------------+
| DEPTNO |          X           |
+--------+----------------------+
| 10     | 23555                |
| 20     | 38501                |
| 30     | 46116                |
| 40     | null                 |
+--------+----------------------+
(4 rows)

!ok
!}

# [CALCITE-709] Errors with LIMIT inside scalar sub-query
!if (false) {
select deptno, (select sum(empno) from "scott".emp where deptno = dept.deptno limit 0) as x from "scott".dept;
+--------+----------------------+
| DEPTNO |          X           |
+--------+----------------------+
| 10     | 23555                |
| 20     | 38501                |
| 30     | 46116                |
| 40     | null                 |
+--------+----------------------+
(4 rows)

!ok
!}

# [CALCITE-709] Errors with LIMIT inside scalar sub-query
!if (false) {
select deptno, (select deptno from "scott".emp where deptno = dept.deptno limit 1) as x from "scott".dept;
+--------+------+
| DEPTNO |  X   |
+--------+------+
| 10     | 10   |
| 20     | 20   |
| 30     | 30   |
| 40     | null |
+--------+------+
(4 rows)

!ok
!}

select deptno, (select deptno from "scott".emp where deptno = dept.deptno limit 0) as x from "scott".dept;
+--------+---+
| DEPTNO | X |
+--------+---+
|     10 |   |
|     20 |   |
|     30 |   |
|     40 |   |
+--------+---+
(4 rows)

!ok

# [CALCITE-709] Errors with LIMIT inside scalar sub-query
!if (false) {
select deptno, (select empno from "scott".emp where deptno = dept.deptno order by empno limit 1) as x from "scott".dept;
+--------+--------+
| DEPTNO |   X    |
+--------+--------+
| 10     | 7369   |
| 20     | 7369   |
| 30     | 7369   |
| 40     | 7369   |
+--------+--------+
(4 rows)

!ok
!}

select deptno, (select empno from "scott".emp order by empno limit 1) as x from "scott".dept;
+--------+------+
| DEPTNO | X    |
+--------+------+
|     10 | 7369 |
|     20 | 7369 |
|     30 | 7369 |
|     40 | 7369 |
+--------+------+
(4 rows)

!ok

# End scalar.iq
