# sub-query.iq - Queries involving IN and EXISTS sub-queries
#
# Licensed to the Apache Software Foundation (ASF) under one or more
# contributor license agreements.  See the NOTICE file distributed with
# this work for additional information regarding copyright ownership.
# The ASF licenses this file to you under the Apache License, Version 2.0
# (the "License"); you may not use this file except in compliance with
# the License.  You may obtain a copy of the License at
#
# http://www.apache.org/licenses/LICENSE-2.0
#
# Unless required by applicable law or agreed to in writing, software
# distributed under the License is distributed on an "AS IS" BASIS,
# WITHOUT WARRANTIES OR CONDITIONS OF ANY KIND, either express or implied.
# See the License for the specific language governing permissions and
# limitations under the License.
#
!use post
!set outputformat psql

# [CALCITE-373]
# the following should return no rows, because the IN list has a null.
# for details on this: see HIVE-784, Dayal's paper from VLDB-87
with
t1(x) as (select * from  (values 1,2, case when 1 = 1 then null else 3 end)),
t2(x) as (select * from  (values 1,case when 1 = 1 then null else 3 end))
select *
from t1
where t1.x not in (select t2.x from t2);
 X
---
(0 rows)

!ok
EnumerableCalc(expr#0..4=[{inputs}], expr#5=[0], expr#6=[=($t1, $t5)], expr#7=[false], expr#8=[IS NOT NULL($t4)], expr#9=[true], expr#10=[IS NULL($t0)], expr#11=[null], expr#12=[<($t2, $t1)], expr#13=[CASE($t6, $t7, $t8, $t9, $t10, $t11, $t12, $t9, $t7)], expr#14=[NOT($t13)], EXPR$0=[$t0], $condition=[$t14])
  EnumerableJoin(condition=[=($0, $3)], joinType=[left])
    EnumerableJoin(condition=[true], joinType=[inner])
      EnumerableUnion(all=[true])
        EnumerableCalc(expr#0=[{inputs}], expr#1=[1], EXPR$0=[$t1])
          EnumerableValues(tuples=[[{ 0 }]])
        EnumerableCalc(expr#0=[{inputs}], expr#1=[2], EXPR$0=[$t1])
          EnumerableValues(tuples=[[{ 0 }]])
        EnumerableCalc(expr#0=[{inputs}], expr#1=[true], expr#2=[null], expr#3=[3], expr#4=[CASE($t1, $t2, $t3)], EXPR$0=[$t4])
          EnumerableValues(tuples=[[{ 0 }]])
      EnumerableAggregate(group=[{}], c=[COUNT()], ck=[COUNT($0)])
        EnumerableUnion(all=[true])
          EnumerableCalc(expr#0=[{inputs}], expr#1=[1], EXPR$0=[$t1])
            EnumerableValues(tuples=[[{ 0 }]])
          EnumerableCalc(expr#0=[{inputs}], expr#1=[true], expr#2=[null], expr#3=[3], expr#4=[CASE($t1, $t2, $t3)], EXPR$0=[$t4])
            EnumerableValues(tuples=[[{ 0 }]])
    EnumerableAggregate(group=[{0, 1}])
      EnumerableCalc(expr#0=[{inputs}], expr#1=[true], proj#0..1=[{exprs}])
        EnumerableUnion(all=[true])
          EnumerableCalc(expr#0=[{inputs}], expr#1=[1], EXPR$0=[$t1])
            EnumerableValues(tuples=[[{ 0 }]])
          EnumerableCalc(expr#0=[{inputs}], expr#1=[true], expr#2=[null], expr#3=[3], expr#4=[CASE($t1, $t2, $t3)], EXPR$0=[$t4])
            EnumerableValues(tuples=[[{ 0 }]])
!plan

# Use of case is to get around issue with directly specifying null in values
# list. Postgres gives 0 rows.
with
t1(x) as (select * from  (values (1),(2),(case when 1 = 1 then null else 3 end)) as t1),
t2(x) as (select * from  (values (1),(case when 1 = 1 then null else 3 end)) as t2)
select *
from t1
where t1.x not in (select t2.x from t2);

 X
---
(0 rows)

!ok

# RHS has a mixture of NULL and NOT NULL keys
select * from dept where deptno not in (select deptno from emp);
 DEPTNO | DNAME
--------+-------
(0 rows)

!ok
select deptno, deptno     in (select deptno from emp) from dept;
 DEPTNO | EXPR$1
--------+--------
     10 | true
     20 | true
     30 | true
     40 | null
(4 rows)

!ok
select deptno, deptno not in (select deptno from emp) from dept;
 DEPTNO | EXPR$1
--------+--------
     10 | false
     20 | false
     30 | false
     40 | null
(4 rows)

!ok

# RHS has only NULL keys
select * from dept where deptno not in (select deptno from emp where deptno is null);
 DEPTNO | DNAME
--------+-------
(0 rows)

!ok
select deptno, deptno     in (select deptno from emp where deptno is null) from dept;
 DEPTNO | EXPR$1
--------+--------
     10 | null
     20 | null
     30 | null
     40 | null
(4 rows)

!ok
select deptno, deptno not in (select deptno from emp where deptno is null) from dept;
 DEPTNO | EXPR$1
--------+--------
     10 | null
     20 | null
     30 | null
     40 | null
(4 rows)

!ok

!set outputformat mysql

# RHS has only NOT NULL keys
select * from dept where deptno not in (select deptno from emp where deptno is not null);
+--------+-------------+
| DEPTNO | DNAME       |
+--------+-------------+
|     40 | Empty       |
+--------+-------------+
(1 row)

!ok
select deptno, deptno     in (select deptno from emp where deptno is not null) from dept;
+--------+--------+
| DEPTNO | EXPR$1 |
+--------+--------+
|     10 | true   |
|     20 | true   |
|     30 | true   |
|     40 | false  |
+--------+--------+
(4 rows)

!ok
select deptno, deptno not in (select deptno from emp where deptno is not null) from dept;
+--------+--------+
| DEPTNO | EXPR$1 |
+--------+--------+
|     10 | false  |
|     20 | false  |
|     30 | false  |
|     40 | true   |
+--------+--------+
(4 rows)

!ok

# RHS has no rows
# Even 'NULL NOT IN ...' is TRUE.
select * from dept where deptno not in (select deptno from emp where false);
+--------+-------------+
| DEPTNO | DNAME       |
+--------+-------------+
|     10 | Sales       |
|     20 | Marketing   |
|     30 | Engineering |
|     40 | Empty       |
+--------+-------------+
(4 rows)

!ok
select deptno, deptno     in (select deptno from emp where false) from dept;
+--------+--------+
| DEPTNO | EXPR$1 |
+--------+--------+
|     10 | false  |
|     20 | false  |
|     30 | false  |
|     40 | false  |
+--------+--------+
(4 rows)

!ok
select deptno, deptno not in (select deptno from emp where false) from dept;
+--------+--------+
| DEPTNO | EXPR$1 |
+--------+--------+
|     10 | true   |
|     20 | true   |
|     30 | true   |
|     40 | true   |
+--------+--------+
(4 rows)

!ok

# Multiple IN, connected by OR
select * from dept
where deptno in (select deptno from emp where gender = 'F')
or deptno in (select deptno from emp where gender = 'M');
+--------+-------------+
| DEPTNO | DNAME       |
+--------+-------------+
|     10 | Sales       |
|     20 | Marketing   |
|     30 | Engineering |
+--------+-------------+
(3 rows)

!ok

# Mix IN and EXISTS
select * from dept
where deptno in (select deptno from emp where gender = 'F')
or exists (select 99, 101 from emp where gender = 'X');
+--------+-------------+
| DEPTNO | DNAME       |
+--------+-------------+
|     10 | Sales       |
|     30 | Engineering |
+--------+-------------+
(2 rows)

!ok

# Composite key
select * from dept
where (deptno, deptno) in (select deptno * 2 - deptno, deptno from emp where gender = 'F');

# Composite key, part literal
select * from emp
where (gender, deptno) in (select gender, 10 from emp where gender = 'F');
+-------+--------+--------+
| ENAME | DEPTNO | GENDER |
+-------+--------+--------+
| Jane  |     10 | F      |
+-------+--------+--------+
(1 row)

!ok

!use scott

# [CALCITE-1155] Support columns for IN list
SELECT empno, ename, mgr FROM "scott".emp WHERE 7782 IN (empno, mgr);
+-------+--------+------+
| EMPNO | ENAME  | MGR  |
+-------+--------+------+
|  7782 | CLARK  | 7839 |
|  7934 | MILLER | 7782 |
+-------+--------+------+
(2 rows)

!ok

# [CALCITE-694] Scan HAVING clause for sub-queries and IN-lists
SELECT count(*) AS c
FROM "scott".emp
GROUP BY emp.deptno
HAVING sum(case when emp.empno in (7369, 7839, 7902) then emp.sal else 0 end)
     BETWEEN 5000.0 AND 10000.0;
+---+
| C |
+---+
| 3 |
+---+
(1 row)

!ok

# [CALCITE-716] Scalar sub-query and aggregate function in SELECT or HAVING
# clause gives AssertionError
SELECT emp.deptno
FROM "scott".emp
GROUP BY emp.deptno
HAVING max(emp.empno) > (SELECT min(emp.empno) FROM "scott".emp);
+--------+
| DEPTNO |
+--------+
|     10 |
|     20 |
|     30 |
+--------+
(3 rows)

!ok

# [CALCITE-716] Scalar sub-query and aggregate function in SELECT or HAVING
# clause gives AssertionError
SELECT emp.deptno,
  max(emp.empno) > (SELECT min(emp.empno) FROM "scott".emp) as bbbb
FROM "scott".emp
GROUP BY emp.deptno;
+--------+------+
| DEPTNO | BBBB |
+--------+------+
|     10 | true |
|     20 | true |
|     30 | true |
+--------+------+
(3 rows)

!ok

# [DRILL-4407] Group by sub-query causes Java NPE
select count(*) as c
from "scott".emp
group by (select deptno from "scott".emp where empno = 10);
+----+
| C  |
+----+
| 14 |
+----+
(1 row)

!ok

!if (fixed.calcite1045) {
# Correlated IN sub-query in WHERE clause of JOIN
select empno from "scott".emp as e
join "scott".dept as d using (deptno)
where e.job in (
  select e2.job from "scott".emp as e2 where e2.deptno > e.deptno);
 EMPNO
-------
  7369
  7566
  7782
  7876
  7934
(5 rows)

!ok
EnumerableCalc(expr#0..5=[{inputs}], EMPNO=[$t0])
  EnumerableJoin(condition=[=($2, $5)], joinType=[inner])
    EnumerableCalc(expr#0..4=[{inputs}], EMPNO=[$t2], JOB=[$t3], DEPTNO=[$t4], JOB0=[$t0], DEPTNO0=[$t1])
      EnumerableJoin(condition=[AND(=($1, $4), =($0, $3))], joinType=[inner])
        EnumerableCalc(expr#0..1=[{inputs}], JOB=[$t1], DEPTNO=[$t0])
          EnumerableAggregate(group=[{0, 2}])
            EnumerableCalc(expr#0..3=[{inputs}], expr#4=[>($t3, $t0)], proj#0..3=[{exprs}], $condition=[$t4])
              EnumerableJoin(condition=[true], joinType=[inner])
                EnumerableAggregate(group=[{7}])
                  EnumerableTableScan(table=[[scott, EMP]])
                EnumerableCalc(expr#0..7=[{inputs}], EMPNO=[$t0], JOB=[$t2], DEPTNO=[$t7])
                  EnumerableTableScan(table=[[scott, EMP]])
        EnumerableCalc(expr#0..7=[{inputs}], EMPNO=[$t0], JOB=[$t2], DEPTNO=[$t7])
          EnumerableTableScan(table=[[scott, EMP]])
    EnumerableCalc(expr#0..2=[{inputs}], DEPTNO=[$t0])
      EnumerableTableScan(table=[[scott, DEPT]])
!plan
!}

!if (fixed.calcite1045) {
# Correlated NOT IN sub-query in WHERE clause of JOIN
select empno from "scott".emp as e
join "scott".dept as d using (deptno)
where e.job not in (
  select e2.job from "scott".emp as e2 where e2.deptno > e.deptno);
!ok
!plan
!}

# Condition that returns a NULL key.
# Tested on Oracle.
select count(*) as c
from "scott".emp
where sal + 100 not in (
  select comm
  from "scott".emp);
+---+
| C |
+---+
| 0 |
+---+
(1 row)

!ok

# Condition that happens to eliminate all NULL keys.
# The one missing row has {ename: 'MARTIN', comm: 1400}
# Tested on Oracle.
select count(*) as c
from "scott".emp
where sal + 100 not in (
  select comm from "scott".emp
  where job = 'SALESMAN');
+----+
| C  |
+----+
| 13 |
+----+
(1 row)

!ok

# Condition that provably eliminates all NULL keys.
# Tested on Oracle.
select count(*) as c
from "scott".emp
where sal + 100 not in (
  select comm
  from "scott".emp
  where comm < 1000);
+----+
| C  |
+----+
| 14 |
+----+
(1 row)

!ok

# Correlated condition in NOT IN.
# Tested on Oracle.
!if (fixed.calcite1513) {
select count(*) as c
from "scott".emp as e
where sal + 100 not in (
  select comm
  from "scott".emp
  where job = e.job);
     EMPNO ENAME      JOB              MGR HIREDATE         SAL       COMM     DEPTNO
---------- ---------- --------- ---------- --------- ---------- ---------- ----------
      7499 ALLEN      SALESMAN        7698 20-FEB-81       1600        300         30
      7521 WARD       SALESMAN        7698 22-FEB-81       1250        500         30
      7654 MARTIN     SALESMAN        7698 28-SEP-81       1250       1400         30
      7844 TURNER     SALESMAN        7698 08-SEP-81       1500          0         30
!ok
!}

# [CALCITE-356] AssertionError while translating query with WITH and correlated sub-query
with t (a, b) as (select * from (values (1, 2)))
select * from t where exists (select 1 from "scott".emp where deptno = t.a);
EnumerableCalc(expr#0..2=[{inputs}], proj#0..1=[{exprs}])
  EnumerableCorrelate(correlation=[$cor0], joinType=[inner], requiredColumns=[{0}])
    EnumerableValues(tuples=[[{ 1, 2 }]])
    EnumerableAggregate(group=[{0}])
      EnumerableCalc(expr#0..7=[{inputs}], expr#8=[true], expr#9=[CAST($t7):INTEGER], expr#10=[$cor0], expr#11=[$t10.A], expr#12=[=($t9, $t11)], i=[$t8], $condition=[$t12])
        EnumerableTableScan(table=[[scott, EMP]])
!plan

# Similar query, identical plan
with t as (select * from (values (1, 2)) as t(a, b))
select * from t where exists (select 1 from "scott".emp where deptno = t.a);
EnumerableCalc(expr#0..2=[{inputs}], proj#0..1=[{exprs}])
  EnumerableCorrelate(correlation=[$cor0], joinType=[inner], requiredColumns=[{0}])
    EnumerableValues(tuples=[[{ 1, 2 }]])
    EnumerableAggregate(group=[{0}])
      EnumerableCalc(expr#0..7=[{inputs}], expr#8=[true], expr#9=[CAST($t7):INTEGER], expr#10=[$cor0], expr#11=[$t10.A], expr#12=[=($t9, $t11)], i=[$t8], $condition=[$t12])
        EnumerableTableScan(table=[[scott, EMP]])
!plan

# Uncorrelated
with t (a, b) as (select * from (values (60, 'b')))
select * from t where a in (select deptno from "scott".dept);
EnumerableCalc(expr#0..2=[{inputs}], EXPR$0=[$t1], EXPR$1=[$t2])
  EnumerableMergeJoin(condition=[=($0, $1)], joinType=[inner])
    EnumerableCalc(expr#0..2=[{inputs}], DEPTNO=[$t0])
      EnumerableTableScan(table=[[scott, DEPT]])
    EnumerableValues(tuples=[[{ 60, 'b' }]])
!plan
+---+---+
| A | B |
+---+---+
+---+---+
(0 rows)

!ok

# [CALCITE-864] Correlation variable has incorrect row type if it is populated
# by right side of a Join
select *
from "scott".emp as e
join "scott".dept as d using (deptno)
where sal = (
  select max(sal)
  from "scott".emp as e2
  join "scott".dept as d2 using (deptno)
  where d2.deptno = d.deptno);
+--------+-------+-------+-----------+------+------------+---------+------+------------+----------+
| DEPTNO | EMPNO | ENAME | JOB       | MGR  | HIREDATE   | SAL     | COMM | DNAME      | LOC      |
+--------+-------+-------+-----------+------+------------+---------+------+------------+----------+
|     10 |  7839 | KING  | PRESIDENT |      | 1981-11-17 | 5000.00 |      | ACCOUNTING | NEW YORK |
|     20 |  7788 | SCOTT | ANALYST   | 7566 | 1987-04-19 | 3000.00 |      | RESEARCH   | DALLAS   |
|     20 |  7902 | FORD  | ANALYST   | 7566 | 1981-12-03 | 3000.00 |      | RESEARCH   | DALLAS   |
|     30 |  7698 | BLAKE | MANAGER   | 7839 | 1981-01-05 | 2850.00 |      | SALES      | CHICAGO  |
+--------+-------+-------+-----------+------+------------+---------+------+------------+----------+
(4 rows)

!ok

# Simpler test case for [CALCITE-864]
select empno, ename, sal, e.deptno, loc
from "scott".emp as e
join "scott".dept as d using (deptno)
where e.sal = (
  select max(sal)
  from "scott".emp as e2
  where e2.deptno = e.deptno);
+-------+-------+---------+--------+----------+
| EMPNO | ENAME | SAL     | DEPTNO | LOC      |
+-------+-------+---------+--------+----------+
|  7698 | BLAKE | 2850.00 |     30 | CHICAGO  |
|  7788 | SCOTT | 3000.00 |     20 | DALLAS   |
|  7839 | KING  | 5000.00 |     10 | NEW YORK |
|  7902 | FORD  | 3000.00 |     20 | DALLAS   |
+-------+-------+---------+--------+----------+
(4 rows)

!ok

# Simpler test case for [CALCITE-864]
select *
from "scott".emp as e
join "scott".dept as d using (deptno)
where d.dname = (
  select max(dname)
  from "scott".dept as d2
  where d2.deptno = d.deptno);
+--------+-------+--------+-----------+------+------------+---------+---------+------------+----------+
| DEPTNO | EMPNO | ENAME  | JOB       | MGR  | HIREDATE   | SAL     | COMM    | DNAME      | LOC      |
+--------+-------+--------+-----------+------+------------+---------+---------+------------+----------+
|     10 |  7782 | CLARK  | MANAGER   | 7839 | 1981-06-09 | 2450.00 |         | ACCOUNTING | NEW YORK |
|     10 |  7839 | KING   | PRESIDENT |      | 1981-11-17 | 5000.00 |         | ACCOUNTING | NEW YORK |
|     10 |  7934 | MILLER | CLERK     | 7782 | 1982-01-23 | 1300.00 |         | ACCOUNTING | NEW YORK |
|     20 |  7369 | SMITH  | CLERK     | 7902 | 1980-12-17 |  800.00 |         | RESEARCH   | DALLAS   |
|     20 |  7566 | JONES  | MANAGER   | 7839 | 1981-02-04 | 2975.00 |         | RESEARCH   | DALLAS   |
|     20 |  7788 | SCOTT  | ANALYST   | 7566 | 1987-04-19 | 3000.00 |         | RESEARCH   | DALLAS   |
|     20 |  7876 | ADAMS  | CLERK     | 7788 | 1987-05-23 | 1100.00 |         | RESEARCH   | DALLAS   |
|     20 |  7902 | FORD   | ANALYST   | 7566 | 1981-12-03 | 3000.00 |         | RESEARCH   | DALLAS   |
|     30 |  7499 | ALLEN  | SALESMAN  | 7698 | 1981-02-20 | 1600.00 |  300.00 | SALES      | CHICAGO  |
|     30 |  7521 | WARD   | SALESMAN  | 7698 | 1981-02-22 | 1250.00 |  500.00 | SALES      | CHICAGO  |
|     30 |  7654 | MARTIN | SALESMAN  | 7698 | 1981-09-28 | 1250.00 | 1400.00 | SALES      | CHICAGO  |
|     30 |  7698 | BLAKE  | MANAGER   | 7839 | 1981-01-05 | 2850.00 |         | SALES      | CHICAGO  |
|     30 |  7844 | TURNER | SALESMAN  | 7698 | 1981-09-08 | 1500.00 |    0.00 | SALES      | CHICAGO  |
|     30 |  7900 | JAMES  | CLERK     | 7698 | 1981-12-03 |  950.00 |         | SALES      | CHICAGO  |
+--------+-------+--------+-----------+------+------------+---------+---------+------------+----------+
(14 rows)

!ok

# Two EXISTS
# [CALCITE-1511] AssertionError while decorrelating query with two EXISTS sub-queries
select *
from "scott".dept as d
where exists (select 1 from "scott".emp where empno > d.deptno)
and exists (select 0 from "scott".emp where deptno = d.deptno and ename = 'SMITH');
+--------+----------+--------+
| DEPTNO | DNAME    | LOC    |
+--------+----------+--------+
|     20 | RESEARCH | DALLAS |
+--------+----------+--------+
(1 row)

!ok

# Two scalar sub-queries
!if (fixed.calcite1045) {
select deptno,
  (select min(1) from "scott".emp where empno > d.deptno) as i0,
  (select min(0) from "scott".emp where deptno = d.deptno and ename = 'SMITH') as i1
from "scott".dept as d;
+--------+----+---+
| DEPTNO | I0 | I1|
+--------+----+---+
|     10 |  1 |   |
|     20 |  1 | 0 |
|     30 |  1 |   |
|     40 |  1 |   |
+--------+----+---+
(4 rows)

!ok
!}

# [CALCITE-1494] Inefficient plan for correlated sub-queries
# Plan must have only one scan each of emp and dept.
select sal
from "scott".emp
where empno IN (
  select deptno
  from "scott".dept
  where emp.job = dept.dname);
+-----+
| SAL |
+-----+
+-----+
(0 rows)

!ok
EnumerableCalc(expr#0..4=[{inputs}], SAL=[$t4])
  EnumerableJoin(condition=[AND(=($1, $3), =($0, $2))], joinType=[inner])
    EnumerableCalc(expr#0..2=[{inputs}], expr#3=[CAST($t1):VARCHAR(14) CHARACTER SET "ISO-8859-1" COLLATE "ISO-8859-1$en_US$primary"], expr#4=[=($t3, $t1)], proj#0..1=[{exprs}], $condition=[$t4])
      EnumerableTableScan(table=[[scott, DEPT]])
    EnumerableCalc(expr#0..7=[{inputs}], EMPNO=[$t0], JOB=[$t2], SAL=[$t5])
      EnumerableTableScan(table=[[scott, EMP]])
!plan

# As above, but for EXISTS
select *
from "scott".dept as d
where exists (
  select 0 from "scott".emp
  where deptno = d.deptno
  and ename = 'SMITH');
+--------+----------+--------+
| DEPTNO | DNAME    | LOC    |
+--------+----------+--------+
|     20 | RESEARCH | DALLAS |
+--------+----------+--------+
(1 row)

!ok
EnumerableSemiJoin(condition=[=($0, $10)], joinType=[inner])
  EnumerableTableScan(table=[[scott, DEPT]])
  EnumerableCalc(expr#0..7=[{inputs}], expr#8=[=($t7, $t7)], expr#9=['SMITH'], expr#10=[=($t1, $t9)], expr#11=[AND($t8, $t10)], proj#0..7=[{exprs}], $condition=[$t11])
    EnumerableTableScan(table=[[scott, EMP]])
!plan

# [DRILL-5644]
select TJOIN1.RNUM, TJOIN1.C1,
  case when 10 in ( select C1 from ( values (1) ) T(C1) ) then 'yes' else 'no' end C3
from (
  values (0, 10, 15),
    (1, 20, 25),
    (2, cast(NULL as integer), 50)) TJOIN1 (RNUM, C1, C2);
+------+----+-----+
| RNUM | C1 | C3  |
+------+----+-----+
|    0 | 10 | no  |
|    1 | 20 | no  |
|    2 |    | no  |
+------+----+-----+
(3 rows)

!ok

# [CALCITE-2028] Un-correlated IN sub-query should be converted into a Join
# rather than a Correlate without correlation variables
SELECT *
FROM "scott".emp
WHERE job in (select job from "scott".emp ee where ee.hiredate = DATE '1980-12-17')
AND EXISTS (select * from "scott".emp e where emp.deptno = e.deptno);
+-------+--------+-------+------+------------+---------+------+--------+
| EMPNO | ENAME  | JOB   | MGR  | HIREDATE   | SAL     | COMM | DEPTNO |
+-------+--------+-------+------+------------+---------+------+--------+
|  7369 | SMITH  | CLERK | 7902 | 1980-12-17 |  800.00 |      |     20 |
|  7876 | ADAMS  | CLERK | 7788 | 1987-05-23 | 1100.00 |      |     20 |
|  7900 | JAMES  | CLERK | 7698 | 1981-12-03 |  950.00 |      |     30 |
|  7934 | MILLER | CLERK | 7782 | 1982-01-23 | 1300.00 |      |     10 |
+-------+--------+-------+------+------------+---------+------+--------+
(4 rows)

!ok

# Variant of [CALCITE-2028] above
SELECT *
FROM "scott".emp
WHERE job in (select job from "scott".emp ee where ee.hiredate = DATE '1980-12-17')
OR EXISTS (select * from "scott".emp e where emp.deptno = e.deptno + 20);
+-------+--------+----------+------+------------+---------+---------+--------+
| EMPNO | ENAME  | JOB      | MGR  | HIREDATE   | SAL     | COMM    | DEPTNO |
+-------+--------+----------+------+------------+---------+---------+--------+
|  7369 | SMITH  | CLERK    | 7902 | 1980-12-17 |  800.00 |         |     20 |
|  7876 | ADAMS  | CLERK    | 7788 | 1987-05-23 | 1100.00 |         |     20 |
|  7900 | JAMES  | CLERK    | 7698 | 1981-12-03 |  950.00 |         |     30 |
|  7934 | MILLER | CLERK    | 7782 | 1982-01-23 | 1300.00 |         |     10 |
|  7499 | ALLEN  | SALESMAN | 7698 | 1981-02-20 | 1600.00 |  300.00 |     30 |
|  7521 | WARD   | SALESMAN | 7698 | 1981-02-22 | 1250.00 |  500.00 |     30 |
|  7654 | MARTIN | SALESMAN | 7698 | 1981-09-28 | 1250.00 | 1400.00 |     30 |
|  7698 | BLAKE  | MANAGER  | 7839 | 1981-01-05 | 2850.00 |         |     30 |
|  7844 | TURNER | SALESMAN | 7698 | 1981-09-08 | 1500.00 |    0.00 |     30 |
+-------+--------+----------+------+------------+---------+---------+--------+
(9 rows)

!ok

# [CALCITE-2071] Query with IN and OR in WHERE clause returns wrong result
select empno
from "scott".emp
where (empno in (select empno from "scott".emp)
    or empno in (1, 2, 3, 4, 5, 6, 7, 8, 9, 10, 11, 12, 13, 14,
                 15, 16, 17, 18, 19, 20, 21, 22, 23, 24, 25))
and empno in (7876, 7698, 7900);
+-------+
| EMPNO |
+-------+
|  7698 |
|  7876 |
|  7900 |
+-------+
(3 rows)

!ok

# Equivalent to above (by de Morgan's law)
select empno
from "scott".emp
where not (empno not in (select empno from "scott".emp)
  and empno not in (1, 2, 3, 4, 5, 6, 7, 8, 9, 10, 11, 12, 13, 14,
                    15, 16, 17, 18, 19, 20, 21, 22, 23, 24, 25))
and empno in (7876, 7698, 7900);
+-------+
| EMPNO |
+-------+
|  7698 |
|  7876 |
|  7900 |
+-------+
(3 rows)

!ok

# Not equivalent to above, but happens to have same result
select empno
from "scott".emp
where (empno = 12345
  or empno in (select empno from "scott".emp)
  or not empno in (1, 2, 3, 4, 5, 6, 7, 8, 9, 10, 11, 12, 13, 14,
                   15, 16, 17, 18, 19, 20, 21, 22, 23, 24, 25))
and empno in (7876, 7698, 7900);
+-------+
| EMPNO |
+-------+
|  7698 |
|  7876 |
|  7900 |
+-------+
(3 rows)

!ok

# Similar to above, but never suffered from [CALCITE-2071] because AND
select empno
from "scott".emp
where (empno in (select empno from "scott".emp)
      and empno in (7876, 7698, 7900))
and empno in (7876, 7698, 7900);
+-------+
| EMPNO |
+-------+
|  7698 |
|  7876 |
|  7900 |
+-------+
(3 rows)

!ok

!set outputformat psql

!set expand false

# [CALCITE-2329] Enhance SubQueryRemoveRule to rewrite IN operator with the constant from the left side more optimally
# Test project null IN null
select sal,
  cast(null as int) IN (
    select cast(null as int)
    from "scott".dept)
from "scott".emp;
 SAL     | EXPR$1
---------+--------
 1100.00 | null
 1250.00 | null
 1250.00 | null
 1300.00 | null
 1500.00 | null
 1600.00 | null
 2450.00 | null
 2850.00 | null
 2975.00 | null
 3000.00 | null
 3000.00 | null
 5000.00 | null
  800.00 | null
  950.00 | null
(14 rows)

!ok
EnumerableCalc(expr#0..2=[{inputs}], expr#3=[false], expr#4=[=($t2, $t3)], expr#5=[null], expr#6=[IS NOT NULL($t2)], expr#7=[true], expr#8=[null], expr#9=[IS NULL($t8)], expr#10=[CASE($t4, $t5, $t6, $t7, $t9, $t5, $t3)], SAL=[$t1], EXPR$1=[$t10])
  EnumerableJoin(condition=[true], joinType=[left])
    EnumerableCalc(expr#0..7=[{inputs}], EMPNO=[$t0], SAL=[$t5])
      EnumerableTableScan(table=[[scott, EMP]])
    EnumerableAggregate(group=[{0}])
      EnumerableCalc(expr#0..2=[{inputs}], expr#3=[false], expr#4=[null], expr#5=[IS NULL($t4)], cs=[$t3], $condition=[$t5])
        EnumerableTableScan(table=[[scott, DEPT]])
!plan

# Test project literal IN null non-correlated
select sal,
  123 IN (
    select cast(null as int)
    from "scott".dept)
from "scott".emp;
 SAL     | EXPR$1
---------+--------
 1100.00 | null
 1250.00 | null
 1250.00 | null
 1300.00 | null
 1500.00 | null
 1600.00 | null
 2450.00 | null
 2850.00 | null
 2975.00 | null
 3000.00 | null
 3000.00 | null
 5000.00 | null
  800.00 | null
  950.00 | null
(14 rows)

!ok
EnumerableCalc(expr#0..2=[{inputs}], expr#3=[false], expr#4=[=($t2, $t3)], expr#5=[null], expr#6=[IS NOT NULL($t2)], expr#7=[true], expr#8=[CASE($t4, $t5, $t6, $t7, $t3)], SAL=[$t1], EXPR$1=[$t8])
  EnumerableJoin(condition=[true], joinType=[left])
    EnumerableCalc(expr#0..7=[{inputs}], EMPNO=[$t0], SAL=[$t5])
      EnumerableTableScan(table=[[scott, EMP]])
    EnumerableAggregate(group=[{0}])
      EnumerableCalc(expr#0..2=[{inputs}], expr#3=[false], expr#4=[123], expr#5=[null], expr#6=[=($t4, $t5)], expr#7=[IS NULL($t5)], expr#8=[OR($t6, $t7)], cs=[$t3], $condition=[$t8])
        EnumerableTableScan(table=[[scott, DEPT]])
!plan

# Test project null IN literal non-correlated
select sal,
  cast(null as int) IN (
    select 1
    from "scott".dept)
from "scott".emp;
 SAL     | EXPR$1
---------+--------
 1100.00 | null
 1250.00 | null
 1250.00 | null
 1300.00 | null
 1500.00 | null
 1600.00 | null
 2450.00 | null
 2850.00 | null
 2975.00 | null
 3000.00 | null
 3000.00 | null
 5000.00 | null
  800.00 | null
  950.00 | null
(14 rows)

!ok
EnumerableCalc(expr#0..2=[{inputs}], expr#3=[false], expr#4=[=($t2, $t3)], expr#5=[null], expr#6=[IS NOT NULL($t2)], expr#7=[true], expr#8=[null], expr#9=[IS NULL($t8)], expr#10=[CASE($t4, $t5, $t6, $t7, $t9, $t5, $t3)], SAL=[$t1], EXPR$1=[$t10])
  EnumerableJoin(condition=[true], joinType=[left])
    EnumerableCalc(expr#0..7=[{inputs}], EMPNO=[$t0], SAL=[$t5])
      EnumerableTableScan(table=[[scott, EMP]])
    EnumerableAggregate(group=[{0}])
      EnumerableCalc(expr#0..2=[{inputs}], expr#3=[true], expr#4=[null], expr#5=[1], expr#6=[=($t4, $t5)], cs=[$t3], $condition=[$t6])
        EnumerableTableScan(table=[[scott, DEPT]])
!plan

# Test project null IN required
select sal,
  cast(null as int) IN (
    select deptno
    from "scott".dept)
from "scott".emp;
 SAL     | EXPR$1
---------+--------
 1100.00 | null
 1250.00 | null
 1250.00 | null
 1300.00 | null
 1500.00 | null
 1600.00 | null
 2450.00 | null
 2850.00 | null
 2975.00 | null
 3000.00 | null
 3000.00 | null
 5000.00 | null
  800.00 | null
  950.00 | null
(14 rows)

!ok
EnumerableCalc(expr#0..2=[{inputs}], expr#3=[false], expr#4=[=($t2, $t3)], expr#5=[null], expr#6=[IS NOT NULL($t2)], expr#7=[true], expr#8=[null], expr#9=[IS NULL($t8)], expr#10=[CASE($t4, $t5, $t6, $t7, $t9, $t5, $t3)], SAL=[$t1], EXPR$1=[$t10])
  EnumerableJoin(condition=[true], joinType=[left])
    EnumerableCalc(expr#0..7=[{inputs}], EMPNO=[$t0], SAL=[$t5])
      EnumerableTableScan(table=[[scott, EMP]])
    EnumerableAggregate(group=[{0}])
      EnumerableCalc(expr#0..2=[{inputs}], expr#3=[true], expr#4=[null], expr#5=[=($t4, $t0)], cs=[$t3], $condition=[$t5])
        EnumerableTableScan(table=[[scott, DEPT]])
!plan

# Test project null IN nullable
select sal,
  cast(null as int) IN (
    select case when true then deptno else null end
    from "scott".dept)
from "scott".emp;
 SAL     | EXPR$1
---------+--------
 1100.00 | null
 1250.00 | null
 1250.00 | null
 1300.00 | null
 1500.00 | null
 1600.00 | null
 2450.00 | null
 2850.00 | null
 2975.00 | null
 3000.00 | null
 3000.00 | null
 5000.00 | null
  800.00 | null
  950.00 | null
(14 rows)

!ok
EnumerableCalc(expr#0..2=[{inputs}], expr#3=[false], expr#4=[=($t2, $t3)], expr#5=[null], expr#6=[IS NOT NULL($t2)], expr#7=[true], expr#8=[null], expr#9=[IS NULL($t8)], expr#10=[CASE($t4, $t5, $t6, $t7, $t9, $t5, $t3)], SAL=[$t1], EXPR$1=[$t10])
  EnumerableJoin(condition=[true], joinType=[left])
    EnumerableCalc(expr#0..7=[{inputs}], EMPNO=[$t0], SAL=[$t5])
      EnumerableTableScan(table=[[scott, EMP]])
    EnumerableAggregate(group=[{0}])
      EnumerableCalc(expr#0..2=[{inputs}], expr#3=[true], expr#4=[null], expr#5=[CAST($t0):TINYINT], expr#6=[=($t4, $t5)], expr#7=[IS NULL($t5)], expr#8=[OR($t6, $t7)], cs=[$t3], $condition=[$t8])
        EnumerableTableScan(table=[[scott, DEPT]])
!plan

# Test project literal IN required
select sal,
  10 IN (
    select deptno
    from "scott".dept)
from "scott".emp;
 SAL     | EXPR$1
---------+--------
 1100.00 | true
 1250.00 | true
 1250.00 | true
 1300.00 | true
 1500.00 | true
 1600.00 | true
 2450.00 | true
 2850.00 | true
 2975.00 | true
 3000.00 | true
 3000.00 | true
 5000.00 | true
  800.00 | true
  950.00 | true
(14 rows)

!ok
EnumerableCalc(expr#0..2=[{inputs}], expr#3=[IS NOT NULL($t2)], SAL=[$t1], EXPR$1=[$t3])
  EnumerableJoin(condition=[true], joinType=[left])
    EnumerableCalc(expr#0..7=[{inputs}], EMPNO=[$t0], SAL=[$t5])
      EnumerableTableScan(table=[[scott, EMP]])
    EnumerableAggregate(group=[{0}])
      EnumerableCalc(expr#0..2=[{inputs}], expr#3=[true], expr#4=[10], expr#5=[=($t4, $t0)], cs=[$t3], $condition=[$t5])
        EnumerableTableScan(table=[[scott, DEPT]])
!plan

# Test project literal IN nullable
select sal,
  10 IN (
    select case when true then deptno else null end
    from "scott".dept)
from "scott".emp;
 SAL     | EXPR$1
---------+--------
 1100.00 | true
 1250.00 | true
 1250.00 | true
 1300.00 | true
 1500.00 | true
 1600.00 | true
 2450.00 | true
 2850.00 | true
 2975.00 | true
 3000.00 | true
 3000.00 | true
 5000.00 | true
  800.00 | true
  950.00 | true
(14 rows)

!ok
EnumerableCalc(expr#0..2=[{inputs}], expr#3=[false], expr#4=[=($t2, $t3)], expr#5=[null], expr#6=[IS NOT NULL($t2)], expr#7=[true], expr#8=[CASE($t4, $t5, $t6, $t7, $t3)], SAL=[$t1], EXPR$1=[$t8])
  EnumerableJoin(condition=[true], joinType=[left])
    EnumerableCalc(expr#0..7=[{inputs}], EMPNO=[$t0], SAL=[$t5])
      EnumerableTableScan(table=[[scott, EMP]])
    EnumerableAggregate(group=[{0}])
      EnumerableCalc(expr#0..2=[{inputs}], expr#3=[true], expr#4=[10], expr#5=[CAST($t0):TINYINT], expr#6=[=($t4, $t5)], expr#7=[IS NULL($t5)], expr#8=[OR($t6, $t7)], cs=[$t3], $condition=[$t8])
        EnumerableTableScan(table=[[scott, DEPT]])
!plan

# Test project null NOT IN null non-correlated
select sal,
  cast(null as int) NOT IN (
    select cast(null as int)
    from "scott".dept)
from "scott".emp;
 SAL     | EXPR$1
---------+--------
 1100.00 | null
 1250.00 | null
 1250.00 | null
 1300.00 | null
 1500.00 | null
 1600.00 | null
 2450.00 | null
 2850.00 | null
 2975.00 | null
 3000.00 | null
 3000.00 | null
 5000.00 | null
  800.00 | null
  950.00 | null
(14 rows)

!ok
EnumerableCalc(expr#0..2=[{inputs}], expr#3=[false], expr#4=[=($t2, $t3)], expr#5=[null], expr#6=[IS NOT NULL($t2)], expr#7=[true], expr#8=[null], expr#9=[IS NULL($t8)], expr#10=[CASE($t4, $t5, $t6, $t7, $t9, $t5, $t3)], expr#11=[NOT($t10)], SAL=[$t1], EXPR$1=[$t11])
  EnumerableJoin(condition=[true], joinType=[left])
    EnumerableCalc(expr#0..7=[{inputs}], EMPNO=[$t0], SAL=[$t5])
      EnumerableTableScan(table=[[scott, EMP]])
    EnumerableAggregate(group=[{0}])
      EnumerableCalc(expr#0..2=[{inputs}], expr#3=[false], expr#4=[null], expr#5=[IS NULL($t4)], cs=[$t3], $condition=[$t5])
        EnumerableTableScan(table=[[scott, DEPT]])
!plan

# Test project literal NOT IN null non-correlated
select sal,
  123 NOT IN (
    select cast(null as int)
    from "scott".dept)
from "scott".emp;
 SAL     | EXPR$1
---------+--------
 1100.00 | null
 1250.00 | null
 1250.00 | null
 1300.00 | null
 1500.00 | null
 1600.00 | null
 2450.00 | null
 2850.00 | null
 2975.00 | null
 3000.00 | null
 3000.00 | null
 5000.00 | null
  800.00 | null
  950.00 | null
(14 rows)

!ok
EnumerableCalc(expr#0..2=[{inputs}], expr#3=[false], expr#4=[=($t2, $t3)], expr#5=[null], expr#6=[IS NOT NULL($t2)], expr#7=[true], expr#8=[CASE($t4, $t5, $t6, $t7, $t3)], expr#9=[NOT($t8)], SAL=[$t1], EXPR$1=[$t9])
  EnumerableJoin(condition=[true], joinType=[left])
    EnumerableCalc(expr#0..7=[{inputs}], EMPNO=[$t0], SAL=[$t5])
      EnumerableTableScan(table=[[scott, EMP]])
    EnumerableAggregate(group=[{0}])
      EnumerableCalc(expr#0..2=[{inputs}], expr#3=[false], expr#4=[123], expr#5=[null], expr#6=[=($t4, $t5)], expr#7=[IS NULL($t5)], expr#8=[OR($t6, $t7)], cs=[$t3], $condition=[$t8])
        EnumerableTableScan(table=[[scott, DEPT]])
!plan

# Test project null NOT IN literal non-correlated
select sal,
  cast(null as int) NOT IN (
    select 1
    from "scott".dept)
from "scott".emp;
 SAL     | EXPR$1
---------+--------
 1100.00 | null
 1250.00 | null
 1250.00 | null
 1300.00 | null
 1500.00 | null
 1600.00 | null
 2450.00 | null
 2850.00 | null
 2975.00 | null
 3000.00 | null
 3000.00 | null
 5000.00 | null
  800.00 | null
  950.00 | null
(14 rows)

!ok
EnumerableCalc(expr#0..2=[{inputs}], expr#3=[false], expr#4=[=($t2, $t3)], expr#5=[null], expr#6=[IS NOT NULL($t2)], expr#7=[true], expr#8=[null], expr#9=[IS NULL($t8)], expr#10=[CASE($t4, $t5, $t6, $t7, $t9, $t5, $t3)], expr#11=[NOT($t10)], SAL=[$t1], EXPR$1=[$t11])
  EnumerableJoin(condition=[true], joinType=[left])
    EnumerableCalc(expr#0..7=[{inputs}], EMPNO=[$t0], SAL=[$t5])
      EnumerableTableScan(table=[[scott, EMP]])
    EnumerableAggregate(group=[{0}])
      EnumerableCalc(expr#0..2=[{inputs}], expr#3=[true], expr#4=[null], expr#5=[1], expr#6=[=($t4, $t5)], cs=[$t3], $condition=[$t6])
        EnumerableTableScan(table=[[scott, DEPT]])
!plan

# Test project null NOT IN required
select sal,
  cast(null as int) NOT IN (
    select deptno
    from "scott".dept)
from "scott".emp;
 SAL     | EXPR$1
---------+--------
 1100.00 | null
 1250.00 | null
 1250.00 | null
 1300.00 | null
 1500.00 | null
 1600.00 | null
 2450.00 | null
 2850.00 | null
 2975.00 | null
 3000.00 | null
 3000.00 | null
 5000.00 | null
  800.00 | null
  950.00 | null
(14 rows)

!ok
EnumerableCalc(expr#0..2=[{inputs}], expr#3=[false], expr#4=[=($t2, $t3)], expr#5=[null], expr#6=[IS NOT NULL($t2)], expr#7=[true], expr#8=[null], expr#9=[IS NULL($t8)], expr#10=[CASE($t4, $t5, $t6, $t7, $t9, $t5, $t3)], expr#11=[NOT($t10)], SAL=[$t1], EXPR$1=[$t11])
  EnumerableJoin(condition=[true], joinType=[left])
    EnumerableCalc(expr#0..7=[{inputs}], EMPNO=[$t0], SAL=[$t5])
      EnumerableTableScan(table=[[scott, EMP]])
    EnumerableAggregate(group=[{0}])
      EnumerableCalc(expr#0..2=[{inputs}], expr#3=[true], expr#4=[null], expr#5=[=($t4, $t0)], cs=[$t3], $condition=[$t5])
        EnumerableTableScan(table=[[scott, DEPT]])
!plan

# Test project null NOT IN nullable
select sal,
  cast(null as int) NOT IN (
    select case when true then deptno else null end
    from "scott".dept)
from "scott".emp;
 SAL     | EXPR$1
---------+--------
 1100.00 | null
 1250.00 | null
 1250.00 | null
 1300.00 | null
 1500.00 | null
 1600.00 | null
 2450.00 | null
 2850.00 | null
 2975.00 | null
 3000.00 | null
 3000.00 | null
 5000.00 | null
  800.00 | null
  950.00 | null
(14 rows)

!ok
EnumerableCalc(expr#0..2=[{inputs}], expr#3=[false], expr#4=[=($t2, $t3)], expr#5=[null], expr#6=[IS NOT NULL($t2)], expr#7=[true], expr#8=[null], expr#9=[IS NULL($t8)], expr#10=[CASE($t4, $t5, $t6, $t7, $t9, $t5, $t3)], expr#11=[NOT($t10)], SAL=[$t1], EXPR$1=[$t11])
  EnumerableJoin(condition=[true], joinType=[left])
    EnumerableCalc(expr#0..7=[{inputs}], EMPNO=[$t0], SAL=[$t5])
      EnumerableTableScan(table=[[scott, EMP]])
    EnumerableAggregate(group=[{0}])
      EnumerableCalc(expr#0..2=[{inputs}], expr#3=[true], expr#4=[null], expr#5=[CAST($t0):TINYINT], expr#6=[=($t4, $t5)], expr#7=[IS NULL($t5)], expr#8=[OR($t6, $t7)], cs=[$t3], $condition=[$t8])
        EnumerableTableScan(table=[[scott, DEPT]])
!plan

# Test project literal NOT IN required
select sal,
  10 NOT IN (
    select deptno
    from "scott".dept)
from "scott".emp;
 SAL     | EXPR$1
---------+--------
 1100.00 | false
 1250.00 | false
 1250.00 | false
 1300.00 | false
 1500.00 | false
 1600.00 | false
 2450.00 | false
 2850.00 | false
 2975.00 | false
 3000.00 | false
 3000.00 | false
 5000.00 | false
  800.00 | false
  950.00 | false
(14 rows)

!ok
EnumerableCalc(expr#0..2=[{inputs}], expr#3=[IS NOT NULL($t2)], expr#4=[true], expr#5=[false], expr#6=[CASE($t3, $t4, $t5)], expr#7=[NOT($t6)], SAL=[$t1], EXPR$1=[$t7])
  EnumerableJoin(condition=[true], joinType=[left])
    EnumerableCalc(expr#0..7=[{inputs}], EMPNO=[$t0], SAL=[$t5])
      EnumerableTableScan(table=[[scott, EMP]])
    EnumerableAggregate(group=[{0}])
      EnumerableCalc(expr#0..2=[{inputs}], expr#3=[true], expr#4=[10], expr#5=[=($t4, $t0)], cs=[$t3], $condition=[$t5])
        EnumerableTableScan(table=[[scott, DEPT]])
!plan

# Test project literal NOT IN nullable
select sal,
  10 NOT IN (
    select case when true then deptno else null end
    from "scott".dept)
from "scott".emp;
 SAL     | EXPR$1
---------+--------
 1100.00 | false
 1250.00 | false
 1250.00 | false
 1300.00 | false
 1500.00 | false
 1600.00 | false
 2450.00 | false
 2850.00 | false
 2975.00 | false
 3000.00 | false
 3000.00 | false
 5000.00 | false
  800.00 | false
  950.00 | false
(14 rows)

!ok
EnumerableCalc(expr#0..2=[{inputs}], expr#3=[false], expr#4=[=($t2, $t3)], expr#5=[null], expr#6=[IS NOT NULL($t2)], expr#7=[true], expr#8=[CASE($t4, $t5, $t6, $t7, $t3)], expr#9=[NOT($t8)], SAL=[$t1], EXPR$1=[$t9])
  EnumerableJoin(condition=[true], joinType=[left])
    EnumerableCalc(expr#0..7=[{inputs}], EMPNO=[$t0], SAL=[$t5])
      EnumerableTableScan(table=[[scott, EMP]])
    EnumerableAggregate(group=[{0}])
      EnumerableCalc(expr#0..2=[{inputs}], expr#3=[true], expr#4=[10], expr#5=[CAST($t0):TINYINT], expr#6=[=($t4, $t5)], expr#7=[IS NULL($t5)], expr#8=[OR($t6, $t7)], cs=[$t3], $condition=[$t8])
        EnumerableTableScan(table=[[scott, DEPT]])
!plan

# Test project null IN required is unknown
select sal,
  cast(null as int) IN (
    select deptno
    from "scott".dept) is unknown
from "scott".emp;
 SAL     | EXPR$1
---------+--------
 1100.00 | true
 1250.00 | true
 1250.00 | true
 1300.00 | true
 1500.00 | true
 1600.00 | true
 2450.00 | true
 2850.00 | true
 2975.00 | true
 3000.00 | true
 3000.00 | true
 5000.00 | true
  800.00 | true
  950.00 | true
(14 rows)

!ok
EnumerableCalc(expr#0..2=[{inputs}], expr#3=[false], expr#4=[=($t2, $t3)], expr#5=[null], expr#6=[IS NOT NULL($t2)], expr#7=[true], expr#8=[null], expr#9=[IS NULL($t8)], expr#10=[CASE($t4, $t5, $t6, $t7, $t9, $t5, $t3)], expr#11=[IS NULL($t10)], SAL=[$t1], EXPR$1=[$t11])
  EnumerableJoin(condition=[true], joinType=[left])
    EnumerableCalc(expr#0..7=[{inputs}], EMPNO=[$t0], SAL=[$t5])
      EnumerableTableScan(table=[[scott, EMP]])
    EnumerableAggregate(group=[{0}])
      EnumerableCalc(expr#0..2=[{inputs}], expr#3=[true], expr#4=[null], expr#5=[=($t4, $t0)], cs=[$t3], $condition=[$t5])
        EnumerableTableScan(table=[[scott, DEPT]])
!plan

# Test filter null IN null
select sal from "scott".emp
  where cast(null as int) IN (
    select cast(null as int)
    from "scott".dept);
 SAL
-----
(0 rows)

!ok
EnumerableValues(tuples=[[]])
!plan

# Test filter literal IN null non-correlated
select sal from "scott".emp
  where 123 IN (
    select cast(null as int)
    from "scott".dept);
 SAL
-----
(0 rows)

!ok
EnumerableCalc(expr#0..2=[{inputs}], SAL=[$t2])
  EnumerableJoin(condition=[true], joinType=[inner])
    EnumerableAggregate(group=[{0}])
      EnumerableCalc(expr#0..2=[{inputs}], expr#3=[true], expr#4=[123], expr#5=[null], expr#6=[=($t4, $t5)], cs=[$t3], $condition=[$t6])
        EnumerableTableScan(table=[[scott, DEPT]])
    EnumerableCalc(expr#0..7=[{inputs}], EMPNO=[$t0], SAL=[$t5])
      EnumerableTableScan(table=[[scott, EMP]])
!plan

# Test filter null IN literal non-correlated
select sal from "scott".emp
  where cast(null as int) IN (
    select 1
    from "scott".dept);
 SAL
-----
(0 rows)

!ok
EnumerableCalc(expr#0..2=[{inputs}], SAL=[$t2])
  EnumerableJoin(condition=[true], joinType=[inner])
    EnumerableAggregate(group=[{0}])
      EnumerableCalc(expr#0..2=[{inputs}], expr#3=[true], expr#4=[null], expr#5=[1], expr#6=[=($t4, $t5)], cs=[$t3], $condition=[$t6])
        EnumerableTableScan(table=[[scott, DEPT]])
    EnumerableCalc(expr#0..7=[{inputs}], EMPNO=[$t0], SAL=[$t5])
      EnumerableTableScan(table=[[scott, EMP]])
!plan

# Test filter null IN required
select sal from "scott".emp
  where cast(null as int) IN (
    select deptno
    from "scott".dept);
 SAL
-----
(0 rows)

!ok
EnumerableCalc(expr#0..2=[{inputs}], SAL=[$t2])
  EnumerableJoin(condition=[true], joinType=[inner])
    EnumerableAggregate(group=[{0}])
      EnumerableCalc(expr#0..2=[{inputs}], expr#3=[true], expr#4=[null], expr#5=[=($t4, $t0)], cs=[$t3], $condition=[$t5])
        EnumerableTableScan(table=[[scott, DEPT]])
    EnumerableCalc(expr#0..7=[{inputs}], EMPNO=[$t0], SAL=[$t5])
      EnumerableTableScan(table=[[scott, EMP]])
!plan

# Test filter null IN nullable
select sal from "scott".emp
  where cast(null as int) IN (
    select case when true then deptno else null end
    from "scott".dept);
 SAL
-----
(0 rows)

!ok
EnumerableCalc(expr#0..2=[{inputs}], SAL=[$t2])
  EnumerableJoin(condition=[true], joinType=[inner])
    EnumerableAggregate(group=[{0}])
      EnumerableCalc(expr#0..2=[{inputs}], expr#3=[true], expr#4=[null], expr#5=[CAST($t0):TINYINT], expr#6=[=($t4, $t5)], cs=[$t3], $condition=[$t6])
        EnumerableTableScan(table=[[scott, DEPT]])
    EnumerableCalc(expr#0..7=[{inputs}], EMPNO=[$t0], SAL=[$t5])
      EnumerableTableScan(table=[[scott, EMP]])
!plan

# Test filter literal IN required
select sal from "scott".emp
  where 10 IN (
    select deptno
    from "scott".dept);
 SAL
---------
 1100.00
 1250.00
 1250.00
 1300.00
 1500.00
 1600.00
 2450.00
 2850.00
 2975.00
 3000.00
 3000.00
 5000.00
  800.00
  950.00
(14 rows)

!ok
EnumerableCalc(expr#0..2=[{inputs}], SAL=[$t2])
  EnumerableJoin(condition=[true], joinType=[inner])
    EnumerableAggregate(group=[{0}])
      EnumerableCalc(expr#0..2=[{inputs}], expr#3=[true], expr#4=[10], expr#5=[=($t4, $t0)], cs=[$t3], $condition=[$t5])
        EnumerableTableScan(table=[[scott, DEPT]])
    EnumerableCalc(expr#0..7=[{inputs}], EMPNO=[$t0], SAL=[$t5])
      EnumerableTableScan(table=[[scott, EMP]])
!plan

# Test filter literal IN nullable
select sal from "scott".emp
  where 10 IN (
    select case when true then deptno else null end
    from "scott".dept);
 SAL
---------
 1100.00
 1250.00
 1250.00
 1300.00
 1500.00
 1600.00
 2450.00
 2850.00
 2975.00
 3000.00
 3000.00
 5000.00
  800.00
  950.00
(14 rows)

!ok
EnumerableCalc(expr#0..2=[{inputs}], SAL=[$t2])
  EnumerableJoin(condition=[true], joinType=[inner])
    EnumerableAggregate(group=[{0}])
      EnumerableCalc(expr#0..2=[{inputs}], expr#3=[true], expr#4=[10], expr#5=[CAST($t0):TINYINT], expr#6=[=($t4, $t5)], cs=[$t3], $condition=[$t6])
        EnumerableTableScan(table=[[scott, DEPT]])
    EnumerableCalc(expr#0..7=[{inputs}], EMPNO=[$t0], SAL=[$t5])
      EnumerableTableScan(table=[[scott, EMP]])
!plan

# Test filter null NOT IN null non-correlated
select sal from "scott".emp
  where cast(null as int) NOT IN (
    select cast(null as int)
    from "scott".dept);
 SAL
-----
(0 rows)

!ok
EnumerableCalc(expr#0..2=[{inputs}], expr#3=[false], expr#4=[=($t2, $t3)], expr#5=[true], expr#6=[IS NOT NULL($t2)], expr#7=[null], expr#8=[IS NULL($t7)], expr#9=[null], expr#10=[CASE($t4, $t5, $t6, $t5, $t8, $t9, $t3)], expr#11=[NOT($t10)], SAL=[$t1], $condition=[$t11])
  EnumerableJoin(condition=[true], joinType=[left])
    EnumerableCalc(expr#0..7=[{inputs}], EMPNO=[$t0], SAL=[$t5])
      EnumerableTableScan(table=[[scott, EMP]])
    EnumerableAggregate(group=[{0}])
      EnumerableCalc(expr#0..2=[{inputs}], expr#3=[false], expr#4=[null], expr#5=[IS NULL($t4)], cs=[$t3], $condition=[$t5])
        EnumerableTableScan(table=[[scott, DEPT]])
!plan

# Test filter literal NOT IN null non-correlated
select sal from "scott".emp
  where 123 NOT IN (
    select cast(null as int)
    from "scott".dept);
 SAL
-----
(0 rows)

!ok
EnumerableCalc(expr#0..2=[{inputs}], expr#3=[false], expr#4=[=($t2, $t3)], expr#5=[true], expr#6=[IS NOT NULL($t2)], expr#7=[CASE($t4, $t5, $t6, $t5, $t3)], expr#8=[NOT($t7)], SAL=[$t1], $condition=[$t8])
  EnumerableJoin(condition=[true], joinType=[left])
    EnumerableCalc(expr#0..7=[{inputs}], EMPNO=[$t0], SAL=[$t5])
      EnumerableTableScan(table=[[scott, EMP]])
    EnumerableAggregate(group=[{0}])
      EnumerableCalc(expr#0..2=[{inputs}], expr#3=[false], expr#4=[123], expr#5=[null], expr#6=[=($t4, $t5)], expr#7=[IS NULL($t5)], expr#8=[OR($t6, $t7)], cs=[$t3], $condition=[$t8])
        EnumerableTableScan(table=[[scott, DEPT]])
!plan

# Test filter null NOT IN literal non-correlated
select sal from "scott".emp
  where cast(null as int) NOT IN (
    select 1
    from "scott".dept);
 SAL
-----
(0 rows)

!ok
EnumerableCalc(expr#0..2=[{inputs}], expr#3=[false], expr#4=[=($t2, $t3)], expr#5=[true], expr#6=[IS NOT NULL($t2)], expr#7=[null], expr#8=[IS NULL($t7)], expr#9=[null], expr#10=[CASE($t4, $t5, $t6, $t5, $t8, $t9, $t3)], expr#11=[NOT($t10)], SAL=[$t1], $condition=[$t11])
  EnumerableJoin(condition=[true], joinType=[left])
    EnumerableCalc(expr#0..7=[{inputs}], EMPNO=[$t0], SAL=[$t5])
      EnumerableTableScan(table=[[scott, EMP]])
    EnumerableAggregate(group=[{0}])
      EnumerableCalc(expr#0..2=[{inputs}], expr#3=[true], expr#4=[null], expr#5=[1], expr#6=[=($t4, $t5)], cs=[$t3], $condition=[$t6])
        EnumerableTableScan(table=[[scott, DEPT]])
!plan

# Test filter null NOT IN required
select sal from "scott".emp
  where cast(null as int) NOT IN (
    select deptno
    from "scott".dept);
 SAL
-----
(0 rows)

!ok
EnumerableCalc(expr#0..2=[{inputs}], expr#3=[false], expr#4=[=($t2, $t3)], expr#5=[true], expr#6=[IS NOT NULL($t2)], expr#7=[null], expr#8=[IS NULL($t7)], expr#9=[null], expr#10=[CASE($t4, $t5, $t6, $t5, $t8, $t9, $t3)], expr#11=[NOT($t10)], SAL=[$t1], $condition=[$t11])
  EnumerableJoin(condition=[true], joinType=[left])
    EnumerableCalc(expr#0..7=[{inputs}], EMPNO=[$t0], SAL=[$t5])
      EnumerableTableScan(table=[[scott, EMP]])
    EnumerableAggregate(group=[{0}])
      EnumerableCalc(expr#0..2=[{inputs}], expr#3=[true], expr#4=[null], expr#5=[=($t4, $t0)], cs=[$t3], $condition=[$t5])
        EnumerableTableScan(table=[[scott, DEPT]])
!plan

# Test filter null NOT IN nullable
select sal from "scott".emp
  where cast(null as int) NOT IN (
    select case when true then deptno else null end
    from "scott".dept);
 SAL
-----
(0 rows)

!ok
EnumerableCalc(expr#0..2=[{inputs}], expr#3=[false], expr#4=[=($t2, $t3)], expr#5=[true], expr#6=[IS NOT NULL($t2)], expr#7=[null], expr#8=[IS NULL($t7)], expr#9=[null], expr#10=[CASE($t4, $t5, $t6, $t5, $t8, $t9, $t3)], expr#11=[NOT($t10)], SAL=[$t1], $condition=[$t11])
  EnumerableJoin(condition=[true], joinType=[left])
    EnumerableCalc(expr#0..7=[{inputs}], EMPNO=[$t0], SAL=[$t5])
      EnumerableTableScan(table=[[scott, EMP]])
    EnumerableAggregate(group=[{0}])
      EnumerableCalc(expr#0..2=[{inputs}], expr#3=[true], expr#4=[null], expr#5=[CAST($t0):TINYINT], expr#6=[=($t4, $t5)], expr#7=[IS NULL($t5)], expr#8=[OR($t6, $t7)], cs=[$t3], $condition=[$t8])
        EnumerableTableScan(table=[[scott, DEPT]])
!plan

# Test filter literal NOT IN required
select sal from "scott".emp
  where 10 NOT IN (
    select deptno
    from "scott".dept);
 SAL
-----
(0 rows)

!ok
EnumerableCalc(expr#0..2=[{inputs}], expr#3=[false], expr#4=[=($t2, $t3)], expr#5=[true], expr#6=[IS NOT NULL($t2)], expr#7=[CASE($t4, $t5, $t6, $t5, $t3)], expr#8=[NOT($t7)], SAL=[$t1], $condition=[$t8])
  EnumerableJoin(condition=[true], joinType=[left])
    EnumerableCalc(expr#0..7=[{inputs}], EMPNO=[$t0], SAL=[$t5])
      EnumerableTableScan(table=[[scott, EMP]])
    EnumerableAggregate(group=[{0}])
      EnumerableCalc(expr#0..2=[{inputs}], expr#3=[true], expr#4=[10], expr#5=[=($t4, $t0)], cs=[$t3], $condition=[$t5])
        EnumerableTableScan(table=[[scott, DEPT]])
!plan

# Test filter literal NOT IN nullable
select sal from "scott".emp
  where 10 NOT IN (
    select case when true then deptno else null end
    from "scott".dept);
 SAL
-----
(0 rows)

!ok
EnumerableCalc(expr#0..2=[{inputs}], expr#3=[false], expr#4=[=($t2, $t3)], expr#5=[true], expr#6=[IS NOT NULL($t2)], expr#7=[CASE($t4, $t5, $t6, $t5, $t3)], expr#8=[NOT($t7)], SAL=[$t1], $condition=[$t8])
  EnumerableJoin(condition=[true], joinType=[left])
    EnumerableCalc(expr#0..7=[{inputs}], EMPNO=[$t0], SAL=[$t5])
      EnumerableTableScan(table=[[scott, EMP]])
    EnumerableAggregate(group=[{0}])
      EnumerableCalc(expr#0..2=[{inputs}], expr#3=[true], expr#4=[10], expr#5=[CAST($t0):TINYINT], expr#6=[=($t4, $t5)], expr#7=[IS NULL($t5)], expr#8=[OR($t6, $t7)], cs=[$t3], $condition=[$t8])
        EnumerableTableScan(table=[[scott, DEPT]])
!plan

# Test filter null IN required is unknown
select sal from "scott".emp
  where cast(null as int) IN (
    select deptno
    from "scott".dept) is unknown;
 SAL
---------
 1100.00
 1250.00
 1250.00
 1300.00
 1500.00
 1600.00
 2450.00
 2850.00
 2975.00
 3000.00
 3000.00
 5000.00
  800.00
  950.00
(14 rows)

!ok
EnumerableCalc(expr#0..2=[{inputs}], expr#3=[false], expr#4=[=($t2, $t3)], expr#5=[null], expr#6=[IS NOT NULL($t2)], expr#7=[true], expr#8=[null], expr#9=[IS NULL($t8)], expr#10=[CASE($t4, $t5, $t6, $t7, $t9, $t5, $t3)], expr#11=[IS NULL($t10)], SAL=[$t1], $condition=[$t11])
  EnumerableJoin(condition=[true], joinType=[left])
    EnumerableCalc(expr#0..7=[{inputs}], EMPNO=[$t0], SAL=[$t5])
      EnumerableTableScan(table=[[scott, EMP]])
    EnumerableAggregate(group=[{0}])
      EnumerableCalc(expr#0..2=[{inputs}], expr#3=[true], expr#4=[null], expr#5=[=($t4, $t0)], cs=[$t3], $condition=[$t5])
        EnumerableTableScan(table=[[scott, DEPT]])
!plan

#-------------------------------

# Test filter null IN null correlated
select sal from "scott".emp e
  where cast(null as int) IN (
    select cast(null as int)
    from "scott".dept d where e.deptno=d.deptno);
 SAL
-----
(0 rows)

!ok
EnumerableValues(tuples=[[]])
!plan

# Test filter literal IN null correlated
select sal from "scott".emp e
  where 123 IN (
    select cast(null as int)
    from "scott".dept d where e.deptno=d.deptno);
 SAL
-----
(0 rows)

!ok
EnumerableCalc(expr#0..3=[{inputs}], SAL=[$t2])
  EnumerableJoin(condition=[=($0, $3)], joinType=[inner])
    EnumerableCalc(expr#0..2=[{inputs}], expr#3=[123], expr#4=[null], expr#5=[=($t3, $t4)], DEPTNO=[$t0], $condition=[$t5])
      EnumerableTableScan(table=[[scott, DEPT]])
    EnumerableCalc(expr#0..7=[{inputs}], EMPNO=[$t0], SAL=[$t5], DEPTNO=[$t7])
      EnumerableTableScan(table=[[scott, EMP]])
!plan

# Test filter null IN literal correlated
select sal from "scott".emp e
  where cast(null as int) IN (
    select 1
    from "scott".dept d where e.deptno=d.deptno);
 SAL
-----
(0 rows)

!ok
EnumerableCalc(expr#0..3=[{inputs}], SAL=[$t2])
  EnumerableJoin(condition=[=($0, $3)], joinType=[inner])
    EnumerableCalc(expr#0..2=[{inputs}], expr#3=[null], expr#4=[1], expr#5=[=($t3, $t4)], DEPTNO=[$t0], $condition=[$t5])
      EnumerableTableScan(table=[[scott, DEPT]])
    EnumerableCalc(expr#0..7=[{inputs}], EMPNO=[$t0], SAL=[$t5], DEPTNO=[$t7])
      EnumerableTableScan(table=[[scott, EMP]])
!plan

# Test filter null IN required correlated
select sal from "scott".emp e
  where cast(null as int) IN (
    select deptno
    from "scott".dept d where e.deptno=d.deptno);
 SAL
-----
(0 rows)

!ok
EnumerableCalc(expr#0..3=[{inputs}], SAL=[$t2])
  EnumerableJoin(condition=[=($0, $3)], joinType=[inner])
    EnumerableCalc(expr#0..2=[{inputs}], expr#3=[null], expr#4=[=($t3, $t0)], DEPTNO=[$t0], $condition=[$t4])
      EnumerableTableScan(table=[[scott, DEPT]])
    EnumerableCalc(expr#0..7=[{inputs}], EMPNO=[$t0], SAL=[$t5], DEPTNO=[$t7])
      EnumerableTableScan(table=[[scott, EMP]])
!plan

# Test filter null IN nullable correlated
select sal from "scott".emp e
  where cast(null as int) IN (
    select case when true then deptno else null end
    from "scott".dept d where e.deptno=d.deptno);
 SAL
-----
(0 rows)

!ok
EnumerableCalc(expr#0..3=[{inputs}], SAL=[$t2])
  EnumerableJoin(condition=[=($0, $3)], joinType=[inner])
    EnumerableCalc(expr#0..2=[{inputs}], expr#3=[null], expr#4=[CAST($t0):TINYINT], expr#5=[=($t3, $t4)], DEPTNO=[$t0], $condition=[$t5])
      EnumerableTableScan(table=[[scott, DEPT]])
    EnumerableCalc(expr#0..7=[{inputs}], EMPNO=[$t0], SAL=[$t5], DEPTNO=[$t7])
      EnumerableTableScan(table=[[scott, EMP]])
!plan

# Test filter literal IN required correlated
select sal from "scott".emp e
  where 10 IN (
    select deptno
    from "scott".dept d where e.deptno=d.deptno);
 SAL
---------
 1300.00
 2450.00
 5000.00
(3 rows)

!ok
EnumerableCalc(expr#0..3=[{inputs}], SAL=[$t2])
  EnumerableJoin(condition=[=($0, $3)], joinType=[inner])
    EnumerableCalc(expr#0..2=[{inputs}], expr#3=[10], expr#4=[=($t3, $t0)], DEPTNO=[$t0], $condition=[$t4])
      EnumerableTableScan(table=[[scott, DEPT]])
    EnumerableCalc(expr#0..7=[{inputs}], EMPNO=[$t0], SAL=[$t5], DEPTNO=[$t7])
      EnumerableTableScan(table=[[scott, EMP]])
!plan

# Test filter literal IN nullable correlated
select sal from "scott".emp e
  where 10 IN (
    select case when true then deptno else null end
    from "scott".dept d where e.deptno=d.deptno);
 SAL
---------
 1300.00
 2450.00
 5000.00
(3 rows)

!ok
EnumerableCalc(expr#0..3=[{inputs}], SAL=[$t2])
  EnumerableJoin(condition=[=($0, $3)], joinType=[inner])
    EnumerableCalc(expr#0..2=[{inputs}], expr#3=[10], expr#4=[CAST($t0):TINYINT], expr#5=[=($t3, $t4)], DEPTNO=[$t0], $condition=[$t5])
      EnumerableTableScan(table=[[scott, DEPT]])
    EnumerableCalc(expr#0..7=[{inputs}], EMPNO=[$t0], SAL=[$t5], DEPTNO=[$t7])
      EnumerableTableScan(table=[[scott, EMP]])
!plan

# Test filter null NOT IN null correlated
select sal from "scott".emp e
  where cast(null as int) NOT IN (
    select cast(null as int)
    from "scott".dept d where e.deptno=d.deptno);
 SAL
-----
(0 rows)

!ok
EnumerableCalc(expr#0..4=[{inputs}], expr#5=[false], expr#6=[=($t3, $t5)], expr#7=[true], expr#8=[IS NOT NULL($t3)], expr#9=[null], expr#10=[IS NULL($t9)], expr#11=[null], expr#12=[CASE($t6, $t7, $t8, $t7, $t10, $t11, $t5)], expr#13=[NOT($t12)], SAL=[$t1], $condition=[$t13])
  EnumerableJoin(condition=[=($2, $4)], joinType=[left])
    EnumerableCalc(expr#0..7=[{inputs}], EMPNO=[$t0], SAL=[$t5], DEPTNO=[$t7])
      EnumerableTableScan(table=[[scott, EMP]])
    EnumerableCalc(expr#0..2=[{inputs}], expr#3=[false], expr#4=[null], expr#5=[IS NULL($t4)], cs=[$t3], DEPTNO=[$t0], $condition=[$t5])
      EnumerableTableScan(table=[[scott, DEPT]])
!plan

# Test filter literal NOT IN null correlated
select sal from "scott".emp e
  where 123 NOT IN (
    select cast(null as int)
    from "scott".dept d where e.deptno=d.deptno);
 SAL
-----
(0 rows)

!ok
EnumerableCalc(expr#0..4=[{inputs}], expr#5=[false], expr#6=[=($t3, $t5)], expr#7=[true], expr#8=[IS NOT NULL($t3)], expr#9=[CASE($t6, $t7, $t8, $t7, $t5)], expr#10=[NOT($t9)], SAL=[$t1], $condition=[$t10])
  EnumerableJoin(condition=[=($2, $4)], joinType=[left])
    EnumerableCalc(expr#0..7=[{inputs}], EMPNO=[$t0], SAL=[$t5], DEPTNO=[$t7])
      EnumerableTableScan(table=[[scott, EMP]])
    EnumerableCalc(expr#0..2=[{inputs}], expr#3=[false], expr#4=[123], expr#5=[null], expr#6=[=($t4, $t5)], expr#7=[IS NULL($t5)], expr#8=[OR($t6, $t7)], cs=[$t3], DEPTNO=[$t0], $condition=[$t8])
      EnumerableTableScan(table=[[scott, DEPT]])
!plan

# Test filter null NOT IN literal correlated
select sal from "scott".emp e
  where cast(null as int) NOT IN (
    select 1
    from "scott".dept d where e.deptno=d.deptno);
 SAL
-----
(0 rows)

!ok
EnumerableCalc(expr#0..4=[{inputs}], expr#5=[false], expr#6=[=($t4, $t5)], expr#7=[true], expr#8=[IS NOT NULL($t4)], expr#9=[null], expr#10=[IS NULL($t9)], expr#11=[null], expr#12=[CASE($t6, $t7, $t8, $t7, $t10, $t11, $t5)], expr#13=[NOT($t12)], SAL=[$t1], $condition=[$t13])
  EnumerableJoin(condition=[=($2, $3)], joinType=[left])
    EnumerableCalc(expr#0..7=[{inputs}], EMPNO=[$t0], SAL=[$t5], DEPTNO=[$t7])
      EnumerableTableScan(table=[[scott, EMP]])
    EnumerableCalc(expr#0..2=[{inputs}], expr#3=[true], expr#4=[null], expr#5=[1], expr#6=[=($t4, $t5)], DEPTNO=[$t0], $f1=[$t3], $condition=[$t6])
      EnumerableTableScan(table=[[scott, DEPT]])
!plan

# Test filter null NOT IN required correlated
select sal from "scott".emp e
  where cast(null as int) NOT IN (
    select deptno
    from "scott".dept d where e.deptno=d.deptno);
 SAL
-----
(0 rows)

!ok
EnumerableCalc(expr#0..4=[{inputs}], expr#5=[false], expr#6=[=($t4, $t5)], expr#7=[true], expr#8=[IS NOT NULL($t4)], expr#9=[null], expr#10=[IS NULL($t9)], expr#11=[null], expr#12=[CASE($t6, $t7, $t8, $t7, $t10, $t11, $t5)], expr#13=[NOT($t12)], SAL=[$t1], $condition=[$t13])
  EnumerableJoin(condition=[=($2, $3)], joinType=[left])
    EnumerableCalc(expr#0..7=[{inputs}], EMPNO=[$t0], SAL=[$t5], DEPTNO=[$t7])
      EnumerableTableScan(table=[[scott, EMP]])
    EnumerableCalc(expr#0..2=[{inputs}], expr#3=[true], expr#4=[null], expr#5=[=($t4, $t0)], DEPTNO1=[$t0], $f1=[$t3], $condition=[$t5])
      EnumerableTableScan(table=[[scott, DEPT]])
!plan

# Test filter null NOT IN nullable correlated
select sal from "scott".emp e
  where cast(null as int) NOT IN (
    select case when true then deptno else null end
    from "scott".dept d where e.deptno=d.deptno);
 SAL
-----
(0 rows)

!ok
EnumerableCalc(expr#0..4=[{inputs}], expr#5=[false], expr#6=[=($t3, $t5)], expr#7=[true], expr#8=[IS NOT NULL($t3)], expr#9=[null], expr#10=[IS NULL($t9)], expr#11=[null], expr#12=[CASE($t6, $t7, $t8, $t7, $t10, $t11, $t5)], expr#13=[NOT($t12)], SAL=[$t1], $condition=[$t13])
  EnumerableJoin(condition=[=($2, $4)], joinType=[left])
    EnumerableCalc(expr#0..7=[{inputs}], EMPNO=[$t0], SAL=[$t5], DEPTNO=[$t7])
      EnumerableTableScan(table=[[scott, EMP]])
    EnumerableCalc(expr#0..2=[{inputs}], expr#3=[true], expr#4=[null], expr#5=[CAST($t0):TINYINT], expr#6=[=($t4, $t5)], expr#7=[IS NULL($t5)], expr#8=[OR($t6, $t7)], cs=[$t3], DEPTNO=[$t0], $condition=[$t8])
      EnumerableTableScan(table=[[scott, DEPT]])
!plan

# Test filter literal NOT IN required correlated
select sal from "scott".emp e
  where 10 NOT IN (
    select deptno
    from "scott".dept d where e.deptno=d.deptno);
 SAL
---------
 1100.00
 1250.00
 1250.00
 1500.00
 1600.00
 2850.00
 2975.00
 3000.00
 3000.00
  800.00
  950.00
(11 rows)

!ok
EnumerableCalc(expr#0..4=[{inputs}], expr#5=[false], expr#6=[=($t4, $t5)], expr#7=[true], expr#8=[IS NOT NULL($t4)], expr#9=[CASE($t6, $t7, $t8, $t7, $t5)], expr#10=[NOT($t9)], SAL=[$t1], $condition=[$t10])
  EnumerableJoin(condition=[=($2, $3)], joinType=[left])
    EnumerableCalc(expr#0..7=[{inputs}], EMPNO=[$t0], SAL=[$t5], DEPTNO=[$t7])
      EnumerableTableScan(table=[[scott, EMP]])
    EnumerableCalc(expr#0..2=[{inputs}], expr#3=[true], expr#4=[10], expr#5=[=($t4, $t0)], DEPTNO1=[$t0], $f1=[$t3], $condition=[$t5])
      EnumerableTableScan(table=[[scott, DEPT]])
!plan

# Test filter literal NOT IN nullable correlated
select sal from "scott".emp e
  where 10 NOT IN (
    select case when true then deptno else null end
    from "scott".dept d where e.deptno=d.deptno);
 SAL
---------
 1100.00
 1250.00
 1250.00
 1500.00
 1600.00
 2850.00
 2975.00
 3000.00
 3000.00
  800.00
  950.00
(11 rows)

!ok
EnumerableCalc(expr#0..4=[{inputs}], expr#5=[false], expr#6=[=($t3, $t5)], expr#7=[true], expr#8=[IS NOT NULL($t3)], expr#9=[CASE($t6, $t7, $t8, $t7, $t5)], expr#10=[NOT($t9)], SAL=[$t1], $condition=[$t10])
  EnumerableJoin(condition=[=($2, $4)], joinType=[left])
    EnumerableCalc(expr#0..7=[{inputs}], EMPNO=[$t0], SAL=[$t5], DEPTNO=[$t7])
      EnumerableTableScan(table=[[scott, EMP]])
    EnumerableCalc(expr#0..2=[{inputs}], expr#3=[true], expr#4=[10], expr#5=[CAST($t0):TINYINT], expr#6=[=($t4, $t5)], expr#7=[IS NULL($t5)], expr#8=[OR($t6, $t7)], cs=[$t3], DEPTNO=[$t0], $condition=[$t8])
      EnumerableTableScan(table=[[scott, DEPT]])
!plan

# Test filter null IN required is unknown correlated
select sal from "scott".emp e
  where cast(null as int) IN (
    select deptno
    from "scott".dept d where e.deptno=d.deptno) is unknown;
 SAL
---------
 1100.00
 1250.00
 1250.00
 1300.00
 1500.00
 1600.00
 2450.00
 2850.00
 2975.00
 3000.00
 3000.00
 5000.00
  800.00
  950.00
(14 rows)

!ok
EnumerableCalc(expr#0..4=[{inputs}], expr#5=[false], expr#6=[=($t4, $t5)], expr#7=[null], expr#8=[IS NOT NULL($t4)], expr#9=[true], expr#10=[null], expr#11=[IS NULL($t10)], expr#12=[CASE($t6, $t7, $t8, $t9, $t11, $t7, $t5)], expr#13=[IS NULL($t12)], SAL=[$t1], $condition=[$t13])
  EnumerableJoin(condition=[=($2, $3)], joinType=[left])
    EnumerableCalc(expr#0..7=[{inputs}], EMPNO=[$t0], SAL=[$t5], DEPTNO=[$t7])
      EnumerableTableScan(table=[[scott, EMP]])
    EnumerableCalc(expr#0..2=[{inputs}], expr#3=[true], expr#4=[null], expr#5=[=($t4, $t0)], DEPTNO1=[$t0], $f1=[$t3], $condition=[$t5])
      EnumerableTableScan(table=[[scott, DEPT]])
!plan


# Test project constant IN an expression that is sometimes null
select sal,
  20 IN (
    select case when deptno > 10 then deptno else null end
    from "scott".dept)
from "scott".emp;
 SAL     | EXPR$1
---------+--------
 1100.00 | true
 1250.00 | true
 1250.00 | true
 1300.00 | true
 1500.00 | true
 1600.00 | true
 2450.00 | true
 2850.00 | true
 2975.00 | true
 3000.00 | true
 3000.00 | true
 5000.00 | true
  800.00 | true
  950.00 | true
(14 rows)

!ok

# Test project constant IN an nullable expression in an empty relation
select sal,
  20 IN (
    select case when deptno > 10 then deptno else null end
    from "scott".dept
    where deptno < 0)
from "scott".emp;
 SAL     | EXPR$1
---------+--------
 1100.00 | false
 1250.00 | false
 1250.00 | false
 1300.00 | false
 1500.00 | false
 1600.00 | false
 2450.00 | false
 2850.00 | false
 2975.00 | false
 3000.00 | false
 3000.00 | false
 5000.00 | false
  800.00 | false
  950.00 | false
(14 rows)

!ok

# Test project null IN an nullable expression in an empty relation
select sal,
  cast(null as integer) IN (
    select case when deptno > 10 then deptno else null end
    from "scott".dept
    where deptno < 0)
from "scott".emp;
 SAL     | EXPR$1
---------+--------
 1100.00 | false
 1250.00 | false
 1250.00 | false
 1300.00 | false
 1500.00 | false
 1600.00 | false
 2450.00 | false
 2850.00 | false
 2975.00 | false
 3000.00 | false
 3000.00 | false
 5000.00 | false
  800.00 | false
  950.00 | false
(14 rows)

!ok

# End sub-query.iq
