# winagg.oq - Unit tests for windowed aggregation, verified on Postgres
#
# Licensed to the Apache Software Foundation (ASF) under one or more
# contributor license agreements.  See the NOTICE file distributed with
# this work for additional information regarding copyright ownership.
# The ASF licenses this file to you under the Apache License, Version 2.0
# (the "License"); you may not use this file except in compliance with
# the License.  You may obtain a copy of the License at
#
# http://www.apache.org/licenses/LICENSE-2.0
#
# Unless required by applicable law or agreed to in writing, software
# distributed under the License is distributed on an "AS IS" BASIS,
# WITHOUT WARRANTIES OR CONDITIONS OF ANY KIND, either express or implied.
# See the License for the specific language governing permissions and
# limitations under the License.
#
!use post
!set outputformat psql
!if (false) {
select *, first_value(deptno) over () from emp;
 ename | deptno | gender | first_value
-------+--------+--------+-------------
 Jane  |     10 | F      |          10
 Bob   |     10 | M      |          10
 Eric  |     20 | M      |          10
 Susan |     30 | F      |          10
 Alice |     30 | F      |          10
 Adam  |     50 | M      |          10
 Eve   |     50 | F      |          10
 Grace |     60 | F      |          10
(8 rows)

!ok
!}
!if (false) {
select *, first_value(ename) over () from emp;
 ename | deptno | gender | first_value
-------+--------+--------+-------------
 Jane  |     10 | F      | Jane
 Bob   |     10 | M      | Jane
 Eric  |     20 | M      | Jane
 Susan |     30 | F      | Jane
 Alice |     30 | F      | Jane
 Adam  |     50 | M      | Jane
 Eve   |     50 | F      | Jane
 Grace |     60 | F      | Jane
(8 rows)

!ok
!}
!if (false) {
select *, first_value(ename) over (partition by deptno) from emp;
 ename | deptno | gender | first_value
-------+--------+--------+-------------
 Jane  |     10 | F      | Jane
 Bob   |     10 | M      | Jane
 Eric  |     20 | M      | Eric
 Susan |     30 | F      | Susan
 Alice |     30 | F      | Susan
 Adam  |     50 | M      | Adam
 Eve   |     50 | F      | Adam
 Grace |     60 | F      | Grace
(8 rows)

!ok
!}
!if (false) {
select *, first_value(ename) over (partition by deptno range current row) from emp;
 ename | deptno | gender | first_value
-------+--------+--------+-------------
 Jane  |     10 | F      | Jane
 Bob   |     10 | M      | Jane
 Eric  |     20 | M      | Eric
 Susan |     30 | F      | Susan
 Alice |     30 | F      | Susan
 Adam  |     50 | M      | Adam
 Eve   |     50 | F      | Adam
 Grace |     60 | F      | Grace
(8 rows)

!ok
!}
!if (false) {
select *, first_value(ename) over (partition by deptno range unbounded preceding) from emp;
 ename | deptno | gender | first_value
-------+--------+--------+-------------
 Jane  |     10 | F      | Jane
 Bob   |     10 | M      | Jane
 Eric  |     20 | M      | Eric
 Susan |     30 | F      | Susan
 Alice |     30 | F      | Susan
 Adam  |     50 | M      | Adam
 Eve   |     50 | F      | Adam
 Grace |     60 | F      | Grace
(8 rows)

!ok
!}
!if (false) {
select *, first_value(ename) over (partition by deptno order by gender range unbounded preceding) from emp;
 ename | deptno | gender | first_value
-------+--------+--------+-------------
 Jane  |     10 | F      | Jane
 Bob   |     10 | M      | Jane
 Eric  |     20 | M      | Eric
 Alice |     30 | F      | Alice
 Susan |     30 | F      | Alice
 Eve   |     50 | F      | Eve
 Adam  |     50 | M      | Eve
 Grace |     60 | F      | Grace
(8 rows)

!ok
!}
# Calcite does not yet generate tied ranks
!if (false) {
select *, count(*) over (order by deptno) as c from emp;
 ENAME | DEPTNO | GENDER | C
-------+--------+--------+---
 Jane  |     10 | F      | 2
 Bob   |     10 | M      | 2
 Eric  |     20 | M      | 3
 Susan |     30 | F      | 5
 Alice |     30 | F      | 5
 Adam  |     50 | M      | 7
 Eve   |     50 | F      | 7
 Grace |     60 | F      | 8
(8 rows)

!ok
!}
select *, rank() over (order by deptno) as c from emp;
 ENAME | DEPTNO | GENDER | C
-------+--------+--------+---
 Jane  |     10 | F      | 1
 Bob   |     10 | M      | 1
 Eric  |     20 | M      | 3
 Susan |     30 | F      | 4
 Alice |     30 | F      | 4
 Adam  |     50 | M      | 6
 Eve   |     50 | F      | 6
 Grace |     60 | F      | 8
 Wilma |        | F      | 9
(9 rows)

!ok
# Calcite does not yet generate tied ranks
select *, dense_rank() over (order by deptno) as c from emp;
 ENAME | DEPTNO | GENDER | C
-------+--------+--------+---
 Jane  |     10 | F      | 1
 Bob   |     10 | M      | 1
 Eric  |     20 | M      | 2
 Susan |     30 | F      | 3
 Alice |     30 | F      | 3
 Adam  |     50 | M      | 4
 Eve   |     50 | F      | 4
 Grace |     60 | F      | 5
 Wilma |        | F      | 6
(9 rows)

!ok
!if (false) {
select *, count(*) over (order by deptno), first_value(ename) over (order by deptno rows 2 following) from emp;
 ERROR:  frame starting from following row cannot end with current row
 LINE 1: ...o), first_value(ename) over (order by deptno rows 2 followin...
!ok
!}

# Without ORDER BY
select *, count(*) over (partition by deptno) as c from emp;
 ENAME | DEPTNO | GENDER | C
-------+--------+--------+---
 Adam  |     50 | M      | 2
 Alice |     30 | F      | 2
 Bob   |     10 | M      | 2
 Eric  |     20 | M      | 1
 Eve   |     50 | F      | 2
 Grace |     60 | F      | 1
 Jane  |     10 | F      | 2
 Susan |     30 | F      | 2
 Wilma |        | F      | 1
(9 rows)

!ok
# No ORDER BY, windows defined in WINDOW clause.
select deptno, gender, min(gender) over w1 as a, min(gender) over w2 as d
from emp
window w1 as (),
 w2 as (partition by deptno);
 DEPTNO | GENDER | A | D
--------+--------+---+---
     10 | F      | F | F
     10 | M      | F | F
     20 | M      | F | M
     30 | F      | F | F
     30 | F      | F | F
     50 | F      | F | F
     50 | M      | F | F
     60 | F      | F | F
        | F      | F | F
(9 rows)

!ok

# Composite COUNT.
select deptno, gender, count(gender, deptno) over w1 as a
from emp
window w1 as ();
 DEPTNO | GENDER | A
--------+--------+---
     10 | F      | 8
     10 | M      | 8
     20 | M      | 8
     30 | F      | 8
     30 | F      | 8
     50 | F      | 8
     50 | M      | 8
     60 | F      | 8
        | F      | 8
(9 rows)

!ok

# End winagg.oq
